#
# There is insufficient memory for the Java Runtime Environment to continue.
# Native memory allocation (mmap) failed to map 65536 bytes. Error detail: Failed to commit metaspace.
# Possible reasons:
#   The system is out of physical RAM or swap space
#   This process is running with CompressedOops enabled, and the Java Heap may be blocking the growth of the native heap
# Possible solutions:
#   Reduce memory load on the system
#   Increase physical memory or swap space
#   Check if swap backing store is full
#   Decrease Java heap size (-Xmx/-Xms)
#   Decrease number of Java threads
#   Decrease Java thread stack sizes (-Xss)
#   Set larger code cache with -XX:ReservedCodeCacheSize=
#   JVM is running with Unscaled Compressed Oops mode in which the Java heap is
#     placed in the first 4GB address space. The Java Heap base address is the
#     maximum limit for the native heap growth. Please use -XX:HeapBaseMinAddress
#     to set the Java Heap base and to place the Java Heap above 4GB virtual address.
# This output file may be truncated or incomplete.
#
#  Out of Memory Error (virtualSpaceNode.cpp:113), pid=21872, tid=16544
#
# JRE version: OpenJDK Runtime Environment Temurin-21.0.11+10 (21.0.11+10) (build 21.0.11+10-LTS)
# Java VM: OpenJDK 64-Bit Server VM Temurin-21.0.11+10 (21.0.11+10-LTS, mixed mode, sharing, tiered, compressed oops, compressed class ptrs, parallel gc, windows-amd64)
# No core dump will be written. Minidumps are not enabled by default on client versions of Windows
#

---------------  S U M M A R Y ------------

Command Line: --add-modules=ALL-SYSTEM --add-opens=java.base/java.util=ALL-UNNAMED --add-opens=java.base/java.lang=ALL-UNNAMED --add-opens=java.base/sun.nio.fs=ALL-UNNAMED -Declipse.application=org.eclipse.jdt.ls.core.id1 -Dosgi.bundles.defaultStartLevel=4 -Declipse.product=org.eclipse.jdt.ls.core.product -Djava.import.generatesMetadataFilesAtProjectRoot=false -DDetectVMInstallationsJob.disabled=true -Dfile.encoding=utf8 -XX:+UseParallelGC -XX:GCTimeRatio=4 -XX:AdaptiveSizePolicyWeight=90 -Dsun.zip.disableMemoryMapping=true -Xmx2G -Xms100m -Xlog:disable -javaagent:c:\Users\sree0\.vscode\extensions\redhat.java-1.55.0-win32-x64\lombok\lombok-1.18.39-4050.jar -XX:+HeapDumpOnOutOfMemoryError -XX:HeapDumpPath=c:\Users\sree0\AppData\Roaming\Code\User\workspaceStorage\94e0e2d5ea4d38a67018c6dd7178721e\redhat.java -Daether.dependencyCollector.impl=bf c:\Users\sree0\.vscode\extensions\redhat.java-1.55.0-win32-x64\server\plugins\org.eclipse.equinox.launcher_1.7.200.v20260619-2039.jar -configuration c:\Users\sree0\AppData\Roaming\Code\User\globalStorage\redhat.java\1.55.0\config_win -data c:\Users\sree0\AppData\Roaming\Code\User\workspaceStorage\94e0e2d5ea4d38a67018c6dd7178721e\redhat.java\jdt_ws --pipe=\\.\pipe\lsp-439ff41a15d24c722b00ec20d221d03e-sock

Host: 11th Gen Intel(R) Core(TM) i3-1115G4 @ 3.00GHz, 4 cores, 7G,  Windows 11 , 64 bit Build 26100 (10.0.26100.8875)
Time: Tue Jul 21 17:20:08 2026 India Standard Time elapsed time: 408.164649 seconds (0d 0h 6m 48s)

---------------  T H R E A D  ---------------

Current thread (0x00000200629854c0):  JavaThread "Worker-0: Initialize workspace"        [_thread_in_vm, id=16544, stack(0x0000006191d00000,0x0000006191e00000) (1024K)]

Stack: [0x0000006191d00000,0x0000006191e00000]
Native frames: (J=compiled Java code, j=interpreted, Vv=VM code, C=native code)
V  [jvm.dll+0x6d7e19]
V  [jvm.dll+0x8b5096]
V  [jvm.dll+0x8b764e]
V  [jvm.dll+0x8b7d33]
V  [jvm.dll+0x284596]
V  [jvm.dll+0x8b0dde]
V  [jvm.dll+0x6795e4]
V  [jvm.dll+0x1e849b]
V  [jvm.dll+0x1e825e]
V  [jvm.dll+0x67bee2]
V  [jvm.dll+0x67bd12]
V  [jvm.dll+0x679fbe]
V  [jvm.dll+0x26e440]
V  [jvm.dll+0x684225]
V  [jvm.dll+0x21973e]
V  [jvm.dll+0x219be5]
V  [jvm.dll+0x21a5d8]
V  [jvm.dll+0x20f80e]
V  [jvm.dll+0x5b658f]
V  [jvm.dll+0x82f046]
V  [jvm.dll+0x478ec8]
V  [jvm.dll+0x47ecf8]
C  [java.dll+0x17ec]

Java frames: (J=compiled Java code, j=interpreted, Vv=VM code)
J 1117  java.lang.ClassLoader.defineClass1(Ljava/lang/ClassLoader;Ljava/lang/String;[BIILjava/security/ProtectionDomain;Ljava/lang/String;)Ljava/lang/Class; java.base@21.0.11 (0 bytes) @ 0x0000020010175c11 [0x0000020010175b40+0x00000000000000d1]
J 6273 c2 java.lang.ClassLoader.defineClass(Ljava/lang/String;[BIILjava/security/ProtectionDomain;)Ljava/lang/Class; java.base@21.0.11 (43 bytes) @ 0x000002001042e7e4 [0x000002001042e160+0x0000000000000684]
J 2919 c1 org.eclipse.osgi.internal.loader.ModuleClassLoader.defineClass(Ljava/lang/String;[BLorg/eclipse/osgi/internal/loader/classpath/ClasspathEntry;)Lorg/eclipse/osgi/internal/loader/ModuleClassLoader$DefineClassResult; (67 bytes) @ 0x0000020008bf6bbc [0x0000020008bf68a0+0x000000000000031c]
J 5881 c1 org.eclipse.osgi.internal.loader.classpath.ClasspathManager.defineClass(Ljava/lang/String;[BLorg/eclipse/osgi/internal/loader/classpath/ClasspathEntry;Lorg/eclipse/osgi/storage/bundlefile/BundleEntry;Ljava/util/List;)Ljava/lang/Class; (636 bytes) @ 0x00000200091192e4 [0x0000020009117840+0x0000000000001aa4]
J 4045 c2 org.eclipse.osgi.internal.loader.classpath.ClasspathManager.findClassImpl(Ljava/lang/String;Lorg/eclipse/osgi/internal/loader/classpath/ClasspathEntry;Ljava/util/List;)Ljava/lang/Class; (328 bytes) @ 0x00000200102e77f0 [0x00000200102e53c0+0x0000000000002430]
J 5886 c2 org.eclipse.osgi.internal.loader.BundleLoader.findLocalClass(Ljava/lang/String;)Ljava/lang/Class; (159 bytes) @ 0x00000200103e222c [0x00000200103e0c80+0x00000000000015ac]
J 5725 c2 org.eclipse.osgi.internal.loader.BundleLoader.findClass0(Ljava/lang/String;ZZ)Ljava/lang/Class; (490 bytes) @ 0x00000200103b11d4 [0x00000200103af500+0x0000000000001cd4]
J 4888 c2 org.eclipse.osgi.internal.loader.ModuleClassLoader.loadClass(Ljava/lang/String;Z)Ljava/lang/Class; (36 bytes) @ 0x000002001014d2a8 [0x000002001014d1c0+0x00000000000000e8]
J 4682 c2 java.lang.ClassLoader.loadClass(Ljava/lang/String;)Ljava/lang/Class; java.base@21.0.11 (7 bytes) @ 0x000002001036c4ec [0x000002001036c4a0+0x000000000000004c]
v  ~StubRoutines::call_stub 0x000002000fb610e7
j  org.eclipse.jdt.internal.core.PackageFragment.getCompilationUnit(Ljava/lang/String;)Lorg/eclipse/jdt/core/ICompilationUnit;+25
j  org.eclipse.jdt.internal.core.PackageFragmentRoot.getSourceModuleDescription()Lorg/eclipse/jdt/core/IModuleDescription;+52
j  org.eclipse.jdt.internal.core.PackageFragmentRoot.getModuleDescription()Lorg/eclipse/jdt/core/IModuleDescription;+8
j  org.eclipse.jdt.internal.core.JavaProject.buildStructure(Lorg/eclipse/jdt/internal/core/OpenableElementInfo;Lorg/eclipse/core/runtime/IProgressMonitor;Ljava/util/Map;Lorg/eclipse/core/resources/IResource;)Z+66
j  org.eclipse.jdt.internal.core.Openable.generateInfos(Lorg/eclipse/jdt/internal/compiler/env/IElementInfo;Ljava/util/Map;Lorg/eclipse/core/runtime/IProgressMonitor;)V+117
j  org.eclipse.jdt.internal.core.JavaElement.openWhenClosed(Lorg/eclipse/jdt/internal/compiler/env/IElementInfo;ZLorg/eclipse/core/runtime/IProgressMonitor;)Lorg/eclipse/jdt/internal/compiler/env/IElementInfo;+24
j  org.eclipse.jdt.internal.core.JavaElement.getElementInfo(Lorg/eclipse/core/runtime/IProgressMonitor;)Lorg/eclipse/jdt/internal/compiler/env/IElementInfo;+23
j  org.eclipse.jdt.internal.core.JavaElement.getElementInfo()Lorg/eclipse/jdt/internal/compiler/env/IElementInfo;+14
j  org.eclipse.jdt.internal.core.JavaProject.getModuleDescription()Lorg/eclipse/jdt/core/IModuleDescription;+1
j  org.eclipse.jdt.launching.JavaRuntime.isModularProject(Lorg/eclipse/jdt/core/IJavaProject;)Z+9
j  org.eclipse.jdt.launching.JavaRuntime.computeModularJREEntry(Lorg/eclipse/jdt/core/IJavaProject;)Lorg/eclipse/jdt/launching/IRuntimeClasspathEntry;+188
j  org.eclipse.jdt.launching.JavaRuntime.computeJREEntry(Lorg/eclipse/debug/core/ILaunchConfiguration;)Lorg/eclipse/jdt/launching/IRuntimeClasspathEntry;+59
j  org.eclipse.jdt.launching.StandardClasspathProvider.computeUnresolvedClasspath(Lorg/eclipse/debug/core/ILaunchConfiguration;)[Lorg/eclipse/jdt/launching/IRuntimeClasspathEntry;+39
j  org.eclipse.jdt.launching.JavaRuntime.computeUnresolvedRuntimeClasspath(Lorg/eclipse/debug/core/ILaunchConfiguration;)[Lorg/eclipse/jdt/launching/IRuntimeClasspathEntry;+5
j  org.eclipse.jdt.launching.AbstractJavaLaunchConfigurationDelegate.getClasspathAndModulepath(Lorg/eclipse/debug/core/ILaunchConfiguration;)[[Ljava/lang/String;+1
j  org.eclipse.jdt.ls.core.internal.commands.ProjectCommand.lambda$8(Lorg/eclipse/jdt/launching/JavaLaunchDelegate;Lorg/eclipse/debug/core/ILaunchConfiguration;[Lorg/eclipse/jdt/ls/core/internal/commands/ProjectCommand$ClasspathResult;Lorg/eclipse/jdt/core/IJavaProject;Lorg/eclipse/core/runtime/IProgressMonitor;)V+2
j  org.eclipse.jdt.ls.core.internal.commands.ProjectCommand$$Lambda+0x000002001d61c1f8.run(Lorg/eclipse/core/runtime/IProgressMonitor;)V+17
j  org.eclipse.core.internal.resources.Workspace.run(Lorg/eclipse/core/runtime/ICoreRunnable;Lorg/eclipse/core/runtime/jobs/ISchedulingRule;ILorg/eclipse/core/runtime/IProgressMonitor;)V+69
j  org.eclipse.core.internal.resources.Workspace.run(Lorg/eclipse/core/resources/IWorkspaceRunnable;Lorg/eclipse/core/runtime/jobs/ISchedulingRule;ILorg/eclipse/core/runtime/IProgressMonitor;)V+6
j  org.eclipse.jdt.ls.core.internal.commands.ProjectCommand.getClasspathsFromJavaProject(Lorg/eclipse/jdt/core/IJavaProject;Lorg/eclipse/jdt/ls/core/internal/commands/ProjectCommand$ClasspathOptions;)Lorg/eclipse/jdt/ls/core/internal/commands/ProjectCommand$ClasspathResult;+156
j  org.eclipse.jdt.ls.core.internal.preferences.Preferences.hasAnnotationNullAnalysisTypes()Z+82
j  org.eclipse.jdt.ls.core.internal.preferences.Preferences.updateAnnotationNullAnalysisOptions()Z+39
j  org.eclipse.jdt.ls.core.internal.managers.StandardProjectsManager.projectsBuildFinished(Lorg/eclipse/core/runtime/IProgressMonitor;)V+66
j  org.eclipse.jdt.ls.core.internal.handlers.JDTLanguageServer$2.run(Lorg/eclipse/core/runtime/IProgressMonitor;)Lorg/eclipse/core/runtime/IStatus;+126
j  org.eclipse.core.internal.jobs.Worker.run()V+32
v  ~StubRoutines::call_stub 0x000002000fb610e7

Compiled method (n/a) 408225 1117     n 0       java.lang.ClassLoader::defineClass1 (native)
 total in heap  [0x0000020010175990,0x0000020010175e18] = 1160
 relocation     [0x0000020010175af0,0x0000020010175b28] = 56
 main code      [0x0000020010175b40,0x0000020010175e16] = 726
 stub code      [0x0000020010175e16,0x0000020010175e18] = 2

[Constant Pool (empty)]

[MachCode]
[Entry Point]
  # {method} {0x000002001c434a48} 'defineClass1' '(Ljava/lang/ClassLoader;Ljava/lang/String;[BIILjava/security/ProtectionDomain;Ljava/lang/String;)Ljava/lang/Class;' in 'java/lang/ClassLoader'
  # parm0:    rdx:rdx   = 'java/lang/ClassLoader'
  # parm1:    r8:r8     = 'java/lang/String'
  # parm2:    r9:r9     = '[B'
  # parm3:    rdi       = int
  # parm4:    rsi       = int
  # parm5:    rcx:rcx   = 'java/security/ProtectionDomain'
  # parm6:    [sp+0xa0]   = 'java/lang/String'  (sp of caller)
  0x0000020010175b40: 448b 5208 | 49bb 0000 | 001c 0002 | 0000 4d03 | d349 3bc2 | 0f84 0600 

  0x0000020010175b58: ;   {runtime_call ic_miss_stub}
  0x0000020010175b58: 0000 e921 | 8ba3 ff90 
[Verified Entry Point]
  0x0000020010175b60: 8984 2400 | 80ff ff55 | 488b ec48 | 81ec 9000 | 0000 6690 | 4181 7f20 | 0300 0000 

  0x0000020010175b7c: ;   {runtime_call StubRoutines (final stubs)}
  0x0000020010175b7c: 7405 e87d | 7ca2 ff48 | 837d 1000 | 488d 4510 | 480f 4445 | 1048 8944 | 2440 4889 | 4c24 7048 
  0x0000020010175b9c: 83f9 0048 | 8d44 2470 | 480f 4444 | 2470 4889 | 4424 3848 | 8974 2430 | 4889 7c24 | 284c 894c 
  0x0000020010175bbc: 2458 4983 | f900 488d | 4424 5848 | 0f44 4424 | 5848 8944 | 2420 4c89 | 4424 5049 | 83f8 004c 
  0x0000020010175bdc: 8d4c 2450 | 4c0f 444c | 2450 4889 | 5424 4848 | 83fa 004c | 8d44 2448 | 4c0f 4444 

  0x0000020010175bf8: ;   {oop(a 'java/lang/Class'{0x0000000080817168} = 'java/lang/ClassLoader')}
  0x0000020010175bf8: 2448 49be | 6871 8180 | 0000 0000 | 4c89 7424 | 784c 8d74 | 2478 498b | d6c5 f877 

  0x0000020010175c14: ;   {internal_word}
  0x0000020010175c14: 49ba 115c | 1710 0002 | 0000 4d89 | 97a8 0300 | 0049 89a7 | a003 0000 

  0x0000020010175c2c: ;   {external_word}
  0x0000020010175c2c: 49ba c66c | 6ac4 fe7f | 0000 4180 | 3a00 0f84 | 4e00 0000 | 5241 5041 

  0x0000020010175c44: ;   {metadata({method} {0x000002001c434a48} 'defineClass1' '(Ljava/lang/ClassLoader;Ljava/lang/String;[BIILjava/security/ProtectionDomain;Ljava/lang/String;)Ljava/lang/Class;' in 'java/lang/ClassLoader')}
  0x0000020010175c44: 5148 ba40 | 4a43 1c00 | 0200 0049 | 8bcf 4883 | ec20 40f6 | c40f 0f84 | 1900 0000 | 4883 ec08 
  0x0000020010175c64: ;   {runtime_call}
  0x0000020010175c64: 48b8 20e5 | 13c4 fe7f | 0000 ffd0 | 4883 c408 | e90c 0000 

  0x0000020010175c78: ;   {runtime_call}
  0x0000020010175c78: 0048 b820 | e513 c4fe | 7f00 00ff | d048 83c4 | 2041 5941 | 585a 498d | 8fc0 0300 | 0041 c787 
  0x0000020010175c98: 4c04 0000 | 0400 0000 

  0x0000020010175ca0: ;   {runtime_call}
  0x0000020010175ca0: 48b8 ac16 | 46bf ff7f | 0000 ffd0 | c5f8 7741 | c787 4c04 | 0000 0500 | 0000 f083 | 4424 c000 
  0x0000020010175cc0: 493b af50 | 0400 000f | 870e 0000 | 0041 83bf | 4804 0000 | 000f 842b | 0000 00c5 | f877 4889 
  0x0000020010175ce0: 45f8 498b | cf4c 8be4 | 4883 ec20 | 4883 e4f0 

  0x0000020010175cf0: ;   {runtime_call}
  0x0000020010175cf0: 48b8 e053 | dfc3 fe7f | 0000 ffd0 | 498b e44d | 33e4 488b | 45f8 41c7 | 874c 0400 | 0008 0000 
  0x0000020010175d10: 0041 83bf | c804 0000 | 020f 84ca 

  0x0000020010175d1c: ;   {external_word}
  0x0000020010175d1c: 0000 0049 | bac6 6c6a | c4fe 7f00 | 0041 803a | 000f 844c | 0000 0048 

  0x0000020010175d34: ;   {metadata({method} {0x000002001c434a48} 'defineClass1' '(Ljava/lang/ClassLoader;Ljava/lang/String;[BIILjava/security/ProtectionDomain;Ljava/lang/String;)Ljava/lang/Class;' in 'java/lang/ClassLoader')}
  0x0000020010175d34: 8945 f848 | ba40 4a43 | 1c00 0200 | 0049 8bcf | 4883 ec20 | 40f6 c40f | 0f84 1900 | 0000 4883 
  0x0000020010175d54: ;   {runtime_call}
  0x0000020010175d54: ec08 48b8 | 20e5 13c4 | fe7f 0000 | ffd0 4883 | c408 e90c 

  0x0000020010175d68: ;   {runtime_call}
  0x0000020010175d68: 0000 0048 | b820 e513 | c4fe 7f00 | 00ff d048 | 83c4 2048 | 8b45 f849 | c787 a003 | 0000 0000 
  0x0000020010175d88: 0000 49c7 | 87a8 0300 | 0000 0000 | 00c5 f877 | 4885 c00f | 8425 0000 | 00a8 030f | 8508 0000 
  0x0000020010175da8: 0048 8b00 | e915 0000 | 00a8 010f | 8509 0000 | 0048 8b40 | fee9 0400 | 0000 488b | 40ff 498b 
  0x0000020010175dc8: 8f30 0400 | 00c7 8100 | 0100 0000 | 0000 00c9 | 4983 7f08 | 000f 8501 | 0000 00c3 

  0x0000020010175de4: ;   {runtime_call StubRoutines (initial stubs)}
  0x0000020010175de4: e917 b19e | ffc5 f877 | 4889 45f8 | 4c8b e448 | 83ec 2048 

  0x0000020010175df8: ;   {runtime_call}
  0x0000020010175df8: 83e4 f048 | b870 1c14 | c4fe 7f00 | 00ff d049 | 8be4 4d33 | e448 8b45 | f8e9 09ff | ffff f4f4 
[/MachCode]


Compiled method (c2) 408233 6273       4       java.lang.ClassLoader::defineClass (43 bytes)
 total in heap  [0x000002001042dc10,0x0000020010433dd8] = 25032
 relocation     [0x000002001042dd70,0x000002001042e148] = 984
 main code      [0x000002001042e160,0x0000020010431828] = 14024
 stub code      [0x0000020010431828,0x0000020010431998] = 368
 oops           [0x0000020010431998,0x00000200104319b0] = 24
 metadata       [0x00000200104319b0,0x0000020010431c58] = 680
 scopes data    [0x0000020010431c58,0x0000020010432fb8] = 4960
 scopes pcs     [0x0000020010432fb8,0x0000020010433838] = 2176
 dependencies   [0x0000020010433838,0x00000200104338e8] = 176
 handler table  [0x00000200104338e8,0x0000020010433cd8] = 1008
 nul chk table  [0x0000020010433cd8,0x0000020010433dd8] = 256

[Constant Pool (empty)]

[MachCode]
[Entry Point]
  # {method} {0x000002001c434dc8} 'defineClass' '(Ljava/lang/String;[BIILjava/security/ProtectionDomain;)Ljava/lang/Class;' in 'java/lang/ClassLoader'
  # this:     rdx:rdx   = 'java/lang/ClassLoader'
  # parm0:    r8:r8     = 'java/lang/String'
  # parm1:    r9:r9     = '[B'
  # parm2:    rdi       = int
  # parm3:    rsi       = int
  # parm4:    rcx:rcx   = 'java/security/ProtectionDomain'
  #           [sp+0xc0]  (sp of caller)
  0x000002001042e160: 448b 5208 | 49bb 0000 | 001c 0002 | 0000 4d03 | d349 3bc2 

  0x000002001042e174: ;   {runtime_call ic_miss_stub}
  0x000002001042e174: 0f85 0605 | 78ff 6690 | 0f1f 4000 
[Verified Entry Point]
  0x000002001042e180: 8984 2400 | 80ff ff55 | 4881 ecb0 | 0000 0090 | 4181 7f20 | 0300 0000 | 0f85 7a36 | 0000 4889 
  0x000002001042e1a0: 4c24 2089 | 7424 3c89 | 7c24 384c | 894c 2430 | 4889 5424 | 284c 8984 | 2488 0000 | 004d 85c0 
  0x000002001042e1c0: 0f84 2217 | 0000 418b | 6814 448b | 450c 4585 | c00f 8621 | 2400 004c | 8b94 2488 | 0000 0045 
  0x000002001042e1e0: 0fbe 5210 | 4585 d20f | 8537 1c00 | 00c4 422a | f7d8 453b | d845 0f4f | d845 85db | 0f8e 1417 
  0x000002001042e200: 0000 453b | c30f 826d | 2400 004c | 8bd5 488d | 7d10 418b | d3b8 2f00 | 0000 488b | df83 fa10 
  0x000002001042e220: 0f8c 7900 | 0000 83fa | 200f 8c36 | 0000 00c5 | f96e d0c4 | e27d 78d2 | c5fd efc0 | 8bca 83e1 
  0x000002001042e240: e083 e21f | c5fe 6f0b | c5f5 74ca | c4e2 7d17 | c10f 8369 | 0000 0048 | 83c3 2083 | e920 75e4 
  0x000002001042e260: e90d 0000 | 00c5 f96e | d0c5 f9ef | c0c4 e269 

  0x000002001042e270: ;   {no_reloc}
  0x000002001042e270: 00d0 83fa | 100f 8c24 | 0000 008b | ca83 e1f0 | 83e2 0fc5 | fa6f 0bc5 | f174 cac4 | e279 17c1 
  0x000002001042e290: 0f83 2a00 | 0000 4883 | c310 83e9 | 1075 e485 | d20f 8412 | 0000 000f | b60b 3bc1 | 741c 4883 
  0x000002001042e2b0: c301 83ea | 0174 02eb | eebb ffff | ffff eb0d | c5fd d7c9 | 0fbc c148 | 03d8 482b | df83 fbff 
  0x000002001042e2d0: 0f85 2625 | 0000 4c8b | 9424 8800 | 0000 458b | 5a14 4180 | 7a10 000f | 8543 2300 | 0041 8b6b 
  0x000002001042e2f0: 0c85 ed0f | 865f 2300 | 0045 0fb6 | 5310 4183 | fa5b 0f84 | c025 0000 | 4c8b 9424 | 8800 0000 
  0x000002001042e310: 418b 6a14 

  0x000002001042e314: ; implicit exception: dispatches to 0x000002001043131c
  0x000002001042e314: 448b 5d0c | 450f be52 | 10c4 422a | f7cb 4183 | c1fb 4585 | c97c 6545 | 85d2 0f85 | aa17 0000 
  0x000002001042e334: 4183 fb04 | 0f86 ca23 | 0000 807d | 106a 754c | 807d 1161 | 7546 807d | 1276 7540 | 807d 1361 
  0x000002001042e354: 753a 440f | be55 1441 | 83fa 2e75 

  0x000002001042e360: ;   {oop(a 'jdk/internal/loader/ClassLoaders$PlatformClassLoader'{0x0000000080000080})}
  0x000002001042e360: 2f49 ba80 | 0000 8000 | 0000 004c | 8b5c 2428 | 4d3b da0f | 853f 2c00 | 004c 8b94 | 2488 0000 
  0x000002001042e380: ;   {oop(a 'jdk/internal/loader/ClassLoaders$PlatformClassLoader'{0x0000000080000080})}
  0x000002001042e380: 0048 be80 | 0000 8000 | 0000 004d | 8bea eb0d | 488b 7424 | 284c 8bac | 2488 0000 | 004c 8b54 
  0x000002001042e3a0: 2420 4d85 | d20f 8403 | 1400 004c | 8954 2458 | 4d85 ed0f | 8424 1400 | 004c 8b54 | 2458 458b 
  0x000002001042e3c0: 5a10 4489 | 9c24 9000 | 0000 458b | 5d14 458b | 430c 410f | be4d 10c4 | 4272 f7c8 | 418d 69ff 
  0x000002001042e3e0: 85c9 0f85 | 6424 0000 | 458d 50ff | 443b d544 | 0f4f d545 | 85d2 0f8c | 0715 0000 | 4585 c00f 
  0x000002001042e400: 869b 2200 | 0045 3bd0 | 0f83 9222 | 0000 4585 | d20f 8ebd | 2200 0041 | 8d4a ff33 | ff89 7c24 
  0x000002001042e420: 4043 0fbe | 5c13 1083 | fb2e 0f84 | c314 0000 | 41ff ca44 | 3bd1 7fe9 | 4183 fa02 | 7e43 6690 
  0x000002001042e440: 4963 ca41 | 0fbe 7c0b | 1083 ff2e | 7456 410f | be5c 0b0f | 83fb 2e74 | 5041 8d5a | fe41 0fbe 
  0x000002001042e460: 7c1b 1083 | ff2e 7445 | 418d 5afd | 410f be4c | 1b10 83f9 | 2e74 3641 | 83c2 fc41 | 83fa 027f 
  0x000002001042e480: ;   {no_reloc}
  0x000002001042e480: bf41 83fa | ff7e 1590 | 430f be4c | 1310 83f9 | 2e74 1d41 | ffca 4183 | faff 7fec | 41ba ffff 
  0x000002001042e4a0: ffff eb0c | 418b daeb | 0441 8d5a | ff44 8bd3 | 4183 faff | 0f84 9224 | 0000 4585 | d20f 8ccd 
  0x000002001042e4c0: 2300 0045 | 3bd1 0f8f | b824 0000 | 453b d10f | 844f 1300 | 0045 85d2 | 0f84 f115 | 0000 498b 
  0x000002001042e4e0: 9fb8 0100 | 004c 8bcb | 4983 c118 | 4d3b 8fc8 | 0100 000f | 832a 1c00 | 004d 898f | b801 0000 
  0x000002001042e500: 488b fb48 | 83c7 1048 | c703 0100 | 0000 410f | 0d89 c000 

  0x000002001042e514: ;   {metadata('java/lang/String')}
  0x000002001042e514: 0000 c743 | 0878 e800 | 0044 8963 | 0cc5 fdef | c0c5 f9d6 | 0749 8beb | 4d8d 4b10 | 453b d00f 
  0x000002001042e534: 859c 0000 | 004d 63d0 | 4181 f800 | 0010 000f | 878c 1e00 | 0049 8bbf | b801 0000 | 498d 4a17 
  0x000002001042e554: 4883 e1f8 | 488b d748 | 03d1 493b | 97c8 0100 | 000f 836a | 1e00 0049 | 8997 b801 | 0000 0f0d 
  0x000002001042e574: 8ac0 0000 | 0048 c707 | 0100 0000 | 0f0d 8a00 

  0x000002001042e584: ;   {metadata({type array byte})}
  0x000002001042e584: 0100 00c7 | 4708 1823 | 0000 4489 | 470c 0f0d | 8a40 0100 | 000f 0d8a | 8001 0000 | 488b d748 
  0x000002001042e5a4: 83c2 1049 | 83c2 0749 | c1ea 0349 | 8bc9 4d8b | c2c5 f877 | 49ba 809c | b90f 0002 | 0000 41ff 
  0x000002001042e5c4: ;   {other}
  0x000002001042e5c4: d20f 1f84 | 0000 0000 | 004c 8bf7 | e9e5 0000 | 0041 81fa | 0000 1000 | 0f87 6221 | 0000 4889 
  0x000002001042e5e4: ac24 9800 | 0000 4963 | ca45 3bc2 | 418b e841 | 0f4f ea44 | 3bc5 0f82 | c421 0000 | 443b d50f 
  0x000002001042e604: 82bb 2100 | 0048 83c1 | 1748 8bf9 | 4883 e7f8 | 4181 fa00 | 0010 000f | 8782 1b00 | 004d 8bb7 
  0x000002001042e624: b801 0000 | 4d8b de4c | 03df 4d3b | 9fc8 0100 | 000f 8368 | 1b00 004d | 899f b801 | 0000 410f 
  0x000002001042e644: 0d8b c000 | 0000 49c7 | 0601 0000 | 0041 0f0d | 8b00 0100 

  0x000002001042e658: ;   {metadata({type array byte})}
  0x000002001042e658: 0041 c746 | 0818 2300 | 0045 8956 | 0c41 0f0d | 8b40 0100 | 0041 0f0d | 8b80 0100 | 004d 8bde 
  0x000002001042e678: 4983 c310 | 48c1 e903 | 85ed 0f84 | cc20 0000 | 413b ea0f | 8c97 1200 | 0048 83c7 | f048 c1ef 
  0x000002001042e698: 0349 8bc9 | 498b d34c | 8bc7 c5f8 | 7749 ba80 | 9cb9 0f00 | 0200 0041 

  0x000002001042e6b0: ;   {other}
  0x000002001042e6b0: ffd2 0f1f | 8400 0000 | 0000 4488 | 6310 4d8b | d644 8953 | 144c 8bd3 | 49c1 ea09 | 49bb 0000 
  0x000002001042e6d0: 9d04 0002 | 0000 4788 | 2413 448b | 9c24 9000 | 0000 458b | 5314 4585 | d20f 85c8 | 0900 0045 
  0x000002001042e6f0: 8b5b 1045 | 85db 0f85 | 4c14 0000 

  0x000002001042e6fc: ;   {oop(a 'java/security/cert/Certificate'[0] {0x0000000080001f78})}
  0x000002001042e6fc: 48bf 781f | 0080 0000 | 0000 448b | 5e2c 4585 | db0f 84c5 | 1e00 0048 | 897c 2448 | 4c89 6c24 
  0x000002001042e71c: 2048 8bee | 498b d34c | 8bc3 4c8b | cfbf 0100 | 0000 6690 

  0x000002001042e730: ;   {optimized virtual_call}
  0x000002001042e730: c5f8 77e8 

  0x000002001042e734: ; ImmutableOopMap {rbp=Oop [32]=Oop [40]=Oop [48]=Oop [72]=Oop [88]=Oop [136]=Oop }
                      ;*invokevirtual putVal {reexecute=0 rethrow=0 return_oop=1}
                      ; - java.util.concurrent.ConcurrentHashMap::putIfAbsent@4
                      ; - java.lang.ClassLoader::checkCerts@62
                      ; - java.lang.ClassLoader::preDefineClass@113
                      ; - java.lang.ClassLoader::defineClass@4
  0x000002001042e734: 4828 0100 

  0x000002001042e738: ;   {other}
  0x000002001042e738: 0f1f 8400 | 280b 0000 | 488b d048 | 85c0 7430 | 448b 5008 

  0x000002001042e74c: ;   {metadata('java/security/cert/Certificate'[])}
  0x000002001042e74c: 4181 fa20 | 2910 000f | 8537 2900 | 004c 8b74 | 2448 458b | 6e0c 448b | 4a0c 4585 | ed0f 87d3 
  0x000002001042e76c: 0a00 0045 | 85c9 0f87 | 8422 0000 | 4c8b 5424 | 5845 8b5a | 1041 8b6b | 0c85 ed0f | 841a 1000 
  0x000002001042e78c: 0044 8b55 | 3845 8b4a | 0849 8bd2 

  0x000002001042e798: ;   {metadata('sun/net/www/protocol/file/Handler')}
  0x000002001042e798: 4c8b c541 | 81f9 c832 | 2100 0f85 | 1410 0000 

  0x000002001042e7a8: ;   {optimized virtual_call}
  0x000002001042e7a8: c5f8 77e8 

  0x000002001042e7ac: ; ImmutableOopMap {[40]=Oop [48]=Oop [88]=Oop [136]=Oop }
                      ;*invokevirtual toExternalForm {reexecute=0 rethrow=0 return_oop=1}
                      ; - java.net.URL::toExternalForm@5
                      ; - java.net.URL::toString@1
                      ; - java.lang.ClassLoader::defineClassSourceLocation@22
                      ; - java.lang.ClassLoader::defineClass@12
  0x000002001042e7ac: 30a9 ffff 

  0x000002001042e7b0: ;   {other}
  0x000002001042e7b0: 0f1f 8400 | a00b 0001 | 488b 5424 | 284c 8b84 | 2488 0000 | 004c 8b4c | 2430 8b7c | 2438 8b74 
  0x000002001042e7d0: 243c 488b | 4c24 5848 | 8904 2490 

  0x000002001042e7dc: ;   {static_call}
  0x000002001042e7dc: c5f8 77e8 

  0x000002001042e7e0: ; ImmutableOopMap {[40]=Oop [88]=Oop }
                      ;*invokestatic defineClass1 {reexecute=0 rethrow=0 return_oop=1}
                      ; - java.lang.ClassLoader::defineClass@27
  0x000002001042e7e0: 7c73 d4ff 

  0x000002001042e7e4: ;   {other}
  0x000002001042e7e4: 0f1f 8400 | d40b 0002 | 4889 4424 | 7844 8b50 | 3c45 85d2 | 0f85 5e03 | 0000 4c8b | 5010 458b 
  0x000002001042e804: 5a08 4585 | db0f 8c1d | 2100 0044 | 8b50 2c45 | 85d2 0f84 | ce0f 0000 | 498b ca44 | 8b49 1445 
  0x000002001042e824: 8b59 0c44 | 0fbe 5110 | c442 2af7 | c341 8d68 | ff45 85d2 | 0f85 d622 | 0000 418d | 7bff 3bfd 
  0x000002001042e844: 0f4f fd85 | ff0f 8ca3 | 0000 0045 | 85db 0f86 | 9c20 0000 | 413b fb0f | 8393 2000 | 0085 ff0f 
  0x000002001042e864: 8e5b 2100 | 0044 8d57 | ff41 0fbe | 5c39 1083 | fb2e 0f84 | 9210 0000 | ffcf 413b | fa7f ea83 
  0x000002001042e884: ff02 7e4f | 0f1f 8400 | 0000 0000 | 4c63 d743 | 0fbe 5411 | 1083 fa2e | 0f84 7f09 | 0000 430f 
  0x000002001042e8a4: be5c 110f | 83fb 2e0f | 8478 0900 | 0044 8d57 | fe43 0fbe | 5c11 1083 | fb2e 7438 | 448d 57fd 
  0x000002001042e8c4: 430f be54 | 1110 83fa | 2e74 2983 | c7fc 83ff | 027f b983 | ffff 7e16 | 410f be5c 

  0x000002001042e8e0: ;   {no_reloc}
  0x000002001042e8e0: 3910 83fb | 2e0f 8435 | 1000 00ff | cf83 ffff | 7fea 41ba | ffff ffff | 4183 faff | 0f84 9622 
  0x000002001042e900: 0000 4585 | d20f 8c4d | 2200 0045 | 3bd0 0f8f | a822 0000 | 453b d00f | 84de 0f00 | 0045 85d2 
  0x000002001042e920: 0f84 ee17 | 0000 498b | 9fb8 0100 | 004c 8bc3 | 4983 c018 | 4d3b 87c8 | 0100 000f | 8342 1900 
  0x000002001042e940: 004d 8987 | b801 0000 | 488b cb48 | 83c1 1048 | c703 0100 | 0000 410f | 0d88 c000 

  0x000002001042e95c: ;   {metadata('java/lang/String')}
  0x000002001042e95c: 0000 c743 | 0878 e800 | 0044 8963 | 0cc5 fdef | c0c5 f9d6 | 014d 8bc1 | 4c89 8424 | 8800 0000 
  0x000002001042e97c: 498d 7110 | 453b d30f | 85a0 0000 | 0049 63c3 | 4181 fb00 | 0010 000f | 8791 1b00 | 0049 8bbf 
  0x000002001042e99c: b801 0000 | 4c8d 5017 | 4983 e2f8 | 4c8b c74d | 03c2 4d3b | 87c8 0100 | 000f 836f | 1b00 004d 
  0x000002001042e9bc: 8987 b801 | 0000 410f | 0d88 c000 | 0000 48c7 | 0701 0000 | 0041 0f0d | 8800 0100 

  0x000002001042e9d8: ;   {metadata({type array byte})}
  0x000002001042e9d8: 00c7 4708 | 1823 0000 | 4489 5f0c | 410f 0d88 | 4001 0000 | 410f 0d88 | 8001 0000 | 488b d748 
  0x000002001042e9f8: 83c2 1048 | 83c0 0748 | c1e8 0348 | 8bce 4c8b | c0c5 f877 | 49ba 809c | b90f 0002 | 0000 41ff 
  0x000002001042ea18: ;   {other}
  0x000002001042ea18: d20f 1f84 | 0000 0000 | 004c 8bef | e9de 0000 | 0041 81fa | 0000 1000 | 0f87 e61f | 0000 4963 
  0x000002001042ea38: ca45 3bda | 418b eb41 | 0f4f ea44 | 3bdd 0f82 | 4820 0000 | 443b d50f | 823f 2000 | 0048 83c1 
  0x000002001042ea58: 174c 8bd9 | 4983 e3f8 | 4181 fa00 | 0010 000f | 8793 1800 | 004d 8baf | b801 0000 | 4d8b c54d 
  0x000002001042ea78: 03c3 4d3b | 87c8 0100 | 000f 8379 | 1800 004d | 8987 b801 | 0000 410f | 0d88 c000 | 0000 49c7 
  0x000002001042ea98: 4500 0100 | 0000 410f | 0d88 0001 

  0x000002001042eaa4: ;   {metadata({type array byte})}
  0x000002001042eaa4: 0000 41c7 | 4508 1823 | 0000 4589 | 550c 410f | 0d88 4001 | 0000 410f | 0d88 8001 | 0000 4d8b 
  0x000002001042eac4: cd49 83c1 | 1048 c1e9 | 0385 ed0f | 844f 1f00 | 0041 3bea | 0f8c 210f | 0000 4983 | c3f0 49c1 
  0x000002001042eae4: eb03 488b | ce49 8bd1 | 4d8b c3c5 | f877 49ba | 809c b90f | 0002 0000 

  0x000002001042eafc: ;   {other}
  0x000002001042eafc: 41ff d20f | 1f84 0000 | 0000 0044 | 8863 104d | 8bd5 4489 | 5314 4c8b | d349 c1ea | 0949 bb00 
  0x000002001042eb1c: 009d 0400 | 0200 0047 | 8824 1348 | 8bd3 6690 

  0x000002001042eb2c: ;   {optimized virtual_call}
  0x000002001042eb2c: c5f8 77e8 

  0x000002001042eb30: ; ImmutableOopMap {[40]=Oop [88]=Oop [120]=Oop }
                      ;*invokevirtual intern {reexecute=0 rethrow=0 return_oop=1}
                      ; - java.lang.Class::getPackageName@65
                      ; - java.lang.ClassLoader::postDefineClass@2
                      ; - java.lang.ClassLoader::defineClass@37
  0x000002001042eb30: 0c08 cfff 

  0x000002001042eb34: ;   {other}
  0x000002001042eb34: 0f1f 8400 | 240f 0003 | 4c8b d84c | 8b54 2478 | 4589 5a3c | 49c1 ea09 | 49bb 0000 | 9d04 0002 
  0x000002001042eb54: 0000 4788 | 2413 eb03 | 498b c24c | 8b54 2428 | 418b 5a38 | 85db 0f84 | 501a 0000 | 4c8b d88b 
  0x000002001042eb74: 400c 4c8b | 5424 7845 | 8b4a 3085 | c075 5f45 | 0fb6 5311 | 4585 d20f | 8567 0e00 | 0045 0fbe 
  0x000002001042eb94: 5310 4585 | d20f 8599 | 2000 0044 | 894c 2434 | 4c89 5c24 | 2045 8b53 | 1448 8beb | 895c 2430 
  0x000002001042ebb4: 498b d290 

  0x000002001042ebb8: ;   {static_call}
  0x000002001042ebb8: c5f8 77e8 

  0x000002001042ebbc: ; ImmutableOopMap {rbp=Oop [32]=Oop [40]=Oop [48]=NarrowOop [52]=NarrowOop [88]=Oop [120]=Oop }
                      ;*invokestatic hashCode {reexecute=0 rethrow=0 return_oop=0}
                      ; - java.lang.String::hashCode@27
                      ; - java.util.concurrent.ConcurrentHashMap::get@1
                      ; - java.lang.ClassLoader::getNamedPackage@5
                      ; - java.lang.ClassLoader::postDefineClass@9
                      ; - java.lang.ClassLoader::defineClass@37
  0x000002001042ebbc: 8058 d0ff 

  0x000002001042ebc0: ;   {other}
  0x000002001042ebc0: 0f1f 8400 | b00f 0004 | 85c0 0f84 | 5e0f 0000 | 4c8b 5c24 | 2041 8943 | 0c8b 5c24 | 3044 8b4c 
  0x000002001042ebe0: 2434 8b5b | 2885 db0f | 8425 0100 | 0044 8b43 | 0c45 85c0 | 0f86 2e1c | 0000 448b | d041 c1ea 
  0x000002001042ec00: 1044 33d0 | 41ff c841 | 81e2 ffff | ff7f 4523 | c24d 63c0 | 468b 4483 | 1045 85c0 | 0f84 f000 
  0x000002001042ec20: 0000 418b | 680c 413b | ea0f 84f6 | 0200 0085 | ed0f 8c49 | 2000 0045 | 8b40 1845 | 85c0 0f84 
  0x000002001042ec40: ce00 0000 | 498b d88b | 7b0c 498b | 9758 0400 

  0x000002001042ec50: ; ImmutableOopMap {r11=Oop r9=NarrowOop rbx=Oop [40]=Oop [88]=Oop [120]=Oop }
                      ;*if_icmpne {reexecute=1 rethrow=0 return_oop=0}
                      ; - (reexecute) java.util.concurrent.ConcurrentHashMap::get@127
                      ; - java.lang.ClassLoader::getNamedPackage@5
                      ; - java.lang.ClassLoader::postDefineClass@9
                      ; - java.lang.ClassLoader::defineClass@37
                      ;   {poll}
  0x000002001042ec50: 0085 0241 | 3bfa 7410 | 8b4b 1885 | c90f 84af | 0000 0048 | 8bd9 ebdf | 8b6b 104c | 8bc5 4d3b 
  0x000002001042ec70: c30f 8490 | 0000 0085 | ed0f 843d | 2100 0048 | 895c 2460 | 4489 5424 | 4444 894c | 2434 4c89 
  0x000002001042ec90: 5c24 504c | 8b54 2458 | 4c89 5424 | 3844 8b54 | 2440 4489 | 5424 304c | 8b54 2428 | 4c89 5424 
  0x000002001042ecb0: 204c 8bc5 | 498b d390 

  0x000002001042ecb8: ;   {optimized virtual_call}
  0x000002001042ecb8: c5f8 77e8 

  0x000002001042ecbc: ; ImmutableOopMap {[32]=Oop [52]=NarrowOop [56]=Oop [80]=Oop [96]=Oop [120]=Oop }
                      ;*invokevirtual equals {reexecute=0 rethrow=0 return_oop=0}
                      ; - java.util.concurrent.ConcurrentHashMap::get@149
                      ; - java.lang.ClassLoader::getNamedPackage@5
                      ; - java.lang.ClassLoader::postDefineClass@9
                      ; - java.lang.ClassLoader::defineClass@37
  0x000002001042ecbc: 80d0 cdff 

  0x000002001042ecc0: ;   {other}
  0x000002001042ecc0: 0f1f 8400 | b010 0006 | 4d8b 9758 

  0x000002001042eccc: ; ImmutableOopMap {[32]=Oop [52]=NarrowOop [56]=Oop [80]=Oop [96]=Oop [120]=Oop }
                      ;*ifeq {reexecute=1 rethrow=0 return_oop=0}
                      ; - (reexecute) java.util.concurrent.ConcurrentHashMap::get@152
                      ; - java.lang.ClassLoader::getNamedPackage@5
                      ; - java.lang.ClassLoader::postDefineClass@9
                      ; - java.lang.ClassLoader::defineClass@37
                      ;   {poll}
  0x000002001042eccc: 0400 0041 | 8502 85c0 | 0f84 7215 | 0000 4c8b | 5424 204c | 8954 2428 | 448b 5c24 | 3044 895c 
  0x000002001042ecec: 2440 4c8b | 5424 384c | 8954 2458 | 4c8b 5c24 | 5044 8b4c | 2434 488b | 5c24 608b | 6b14 85ed 
  0x000002001042ed0c: 0f85 3c03 | 0000 498b | 87b8 0100 | 004c 8bd0 | 4983 c218 | 4d3b 97c8 | 0100 000f | 837e 1600 
  0x000002001042ed2c: 004d 8997 | b801 0000 | 410f 0d8a | c000 0000 | 48c7 0001 

  0x000002001042ed40: ;   {metadata('java/lang/NamedPackage')}
  0x000002001042ed40: 0000 00c7 | 4008 e8c0 | 0100 4489 | 600c 4c8b | d049 83c2 | 10c5 fdef | c0c4 c179 | d602 4c89 
  0x000002001042ed60: 5c24 2044 | 894c 2430 | 4889 4424 | 3848 8b54 | 2420 6690 

  0x000002001042ed74: ;   {optimized virtual_call}
  0x000002001042ed74: c5f8 77e8 

  0x000002001042ed78: ; ImmutableOopMap {[32]=Oop [40]=Oop [48]=NarrowOop [56]=Oop [88]=Oop [120]=Oop }
                      ;*invokevirtual isEmpty {reexecute=0 rethrow=0 return_oop=0}
                      ; - java.lang.NamedPackage::<init>@5
                      ; - java.lang.ClassLoader::getNamedPackage@22
                      ; - java.lang.ClassLoader::postDefineClass@9
                      ; - java.lang.ClassLoader::defineClass@37
  0x000002001042ed78: 4493 daff 

  0x000002001042ed7c: ;   {other}
  0x000002001042ed7c: 0f1f 8400 | 6c11 0008 | 85c0 0f84 | a00a 0000 | 448b 5424 | 3045 85d2 | 0f84 321d | 0000 4c89 
  0x000002001042ed9c: 5424 4849 | 8bd2 6690 

  0x000002001042eda4: ;   {optimized virtual_call}
  0x000002001042eda4: c5f8 77e8 

  0x000002001042eda8: ; ImmutableOopMap {[32]=Oop [40]=Oop [48]=NarrowOop [56]=Oop [72]=Oop [88]=Oop [120]=Oop }
                      ;*invokevirtual isNamed {reexecute=0 rethrow=0 return_oop=0}
                      ; - java.lang.NamedPackage::<init>@12
                      ; - java.lang.ClassLoader::getNamedPackage@22
                      ; - java.lang.ClassLoader::postDefineClass@9
                      ; - java.lang.ClassLoader::defineClass@37
  0x000002001042eda8: d4fd 77ff 

  0x000002001042edac: ;   {other}
  0x000002001042edac: 0f1f 8400 | 9c11 0009 | 85c0 0f84 | 700a 0000 | 498b 87b8 | 0100 004c | 8bd0 4983 | c228 4d3b 
  0x000002001042edcc: 97c8 0100 | 000f 8372 | 1600 004d | 8997 b801 | 0000 410f | 0d8a c000 | 0000 48c7 | 0001 0000 
  0x000002001042edec: 004c 8bd0 | 4983 c210 

  0x000002001042edf4: ;   {metadata('java/lang/InternalError')}
  0x000002001042edf4: c740 0838 | 0701 0044 | 8960 0cc5 | fdef c041 | bb07 0000 | 00c4 c178 | 92fb 62d1 | fe2f 7f02 
  0x000002001042ee14: 4889 4424 | 6849 8b87 | b801 0000 | 4c8b d049 | 83c2 184d | 3b97 c801 | 0000 0f83 | 3516 0000 
  0x000002001042ee34: 4d89 97b8 | 0100 0041 | 0f0d 8ac0 | 0000 0048 | c700 0100 | 0000 4c8b | d049 83c2 

  0x000002001042ee50: ;   {metadata('java/lang/StringBuilder')}
  0x000002001042ee50: 10c7 4008 | 4080 0000 | 4489 600c | c5fd efc0 | c4c1 79d6 | 0248 8be8 | 488b d54c | 8b54 2468 
  0x000002001042ee70: 4c89 5424 | 6066 6690 

  0x000002001042ee78: ;   {optimized virtual_call}
  0x000002001042ee78: c5f8 77e8 

  0x000002001042ee7c: ; ImmutableOopMap {rbp=Oop [32]=Oop [40]=Oop [48]=NarrowOop [56]=Oop [72]=Oop [88]=Oop [96]=Oop [104]=Oop [120]=Oop }
                      ;*invokespecial <init> {reexecute=0 rethrow=0 return_oop=0}
                      ; - java.lang.NamedPackage::<init>@26
                      ; - java.lang.ClassLoader::getNamedPackage@22
                      ; - java.lang.ClassLoader::postDefineClass@9
                      ; - java.lang.ClassLoader::defineClass@37
  0x000002001042ee7c: 00fd 77ff 

  0x000002001042ee80: ;   {other}
  0x000002001042ee80: 0f1f 8400 | 7012 000a 

  0x000002001042ee88: ;   {oop("unnamed package in  "{0x0000000080001b50})}
  0x000002001042ee88: 49b8 501b | 0080 0000 | 0000 488b | d54c 8b54 | 2460 4c89 | 5424 5090 

  0x000002001042eea0: ;   {optimized virtual_call}
  0x000002001042eea0: c5f8 77e8 

  0x000002001042eea4: ; ImmutableOopMap {[32]=Oop [40]=Oop [48]=NarrowOop [56]=Oop [72]=Oop [80]=Oop [88]=Oop [96]=Oop [120]=Oop }
                      ;*invokevirtual append {reexecute=0 rethrow=0 return_oop=1}
                      ; - java.lang.NamedPackage::<init>@31
                      ; - java.lang.ClassLoader::getNamedPackage@22
                      ; - java.lang.ClassLoader::postDefineClass@9
                      ; - java.lang.ClassLoader::defineClass@37
  0x000002001042eea4: d8fc 77ff 

  0x000002001042eea8: ;   {other}
  0x000002001042eea8: 0f1f 8400 | 9812 000b | 4885 c00f | 842b 1c00 | 0048 8bd0 | 4c8b 4424 | 484c 8b54 | 2450 4c89 
  0x000002001042eec8: 5424 4090 

  0x000002001042eecc: ;   {optimized virtual_call}
  0x000002001042eecc: c5f8 77e8 

  0x000002001042eed0: ; ImmutableOopMap {[32]=Oop [40]=Oop [48]=NarrowOop [56]=Oop [64]=Oop [80]=Oop [88]=Oop [120]=Oop }
                      ;*invokevirtual append {reexecute=0 rethrow=0 return_oop=1}
                      ; - java.lang.NamedPackage::<init>@35
                      ; - java.lang.ClassLoader::getNamedPackage@22
                      ; - java.lang.ClassLoader::postDefineClass@9
                      ; - java.lang.ClassLoader::defineClass@37
  0x000002001042eed0: acfc 77ff 

  0x000002001042eed4: ;   {other}
  0x000002001042eed4: 0f1f 8400 | c412 000c | 4885 c00f | 8417 1c00 | 0048 8bd0 

  0x000002001042eee8: ;   {optimized virtual_call}
  0x000002001042eee8: c5f8 77e8 

  0x000002001042eeec: ; ImmutableOopMap {[32]=Oop [40]=Oop [48]=NarrowOop [56]=Oop [64]=Oop [88]=Oop [120]=Oop }
                      ;*invokevirtual toString {reexecute=0 rethrow=0 return_oop=1}
                      ; - java.lang.NamedPackage::<init>@38
                      ; - java.lang.ClassLoader::getNamedPackage@22
                      ; - java.lang.ClassLoader::postDefineClass@9
                      ; - java.lang.ClassLoader::defineClass@37
  0x000002001042eeec: 90fc 77ff 

  0x000002001042eef0: ;   {other}
  0x000002001042eef0: 0f1f 8400 | e012 000d | 488b 5424 | 404c 8bc0 

  0x000002001042ef00: ;   {optimized virtual_call}
  0x000002001042ef00: c5f8 77e8 

  0x000002001042ef04: ; ImmutableOopMap {[32]=Oop [40]=Oop [48]=NarrowOop [56]=Oop [64]=Oop [88]=Oop [120]=Oop }
                      ;*invokespecial <init> {reexecute=0 rethrow=0 return_oop=0}
                      ; - java.lang.NamedPackage::<init>@41
                      ; - java.lang.ClassLoader::getNamedPackage@22
                      ; - java.lang.ClassLoader::postDefineClass@9
                      ; - java.lang.ClassLoader::defineClass@37
  0x000002001042ef04: 78fc 77ff 

  0x000002001042ef08: ;   {other}
  0x000002001042ef08: 0f1f 8400 | f812 000e | 488b 5424 | 40c5 f877 | 4881 c4b0 | 0000 005d 

  0x000002001042ef20: ;   {runtime_call _rethrow_Java}
  0x000002001042ef20: e95b 7e7a | ff41 8b68 | 1048 8bcd | 493b cb0f | 840d 0100 | 008b 5d08 | 488b fd4c | 3bdf 0f84 
  0x000002001042ef40: fe00 0000 

  0x000002001042ef44: ;   {metadata('java/lang/String')}
  0x000002001042ef44: 81fb 78e8 | 0000 0f85 | 1c23 0000 | 410f be4b | 100f be6f | 103b cd0f | 859f 1c00 | 008b 7f14 
  0x000002001042ef64: 418b 5b14 | 8b77 0c8b | 4b0c 3bce | 0f85 c1fc | ffff 488b | d748 8d77 | 1048 8bfb | 488d 7b10 
  0x000002001042ef84: 85c9 0f84 | 9d00 0000 | 8bc1 83e0 | 1f83 e1e0 | 0f84 4b00 | 0000 488d | 3c0f 488d | 340e 48f7 
  0x000002001042efa4: d9c5 fe6f | 040f c5fe | 6f0c 0ec5 | fdef c1c4 | e27d 17c0 | 0f85 7200 | 0000 4883 | c120 75e1 
  0x000002001042efc4: 85c0 0f84 | 5d00 0000 | c5fe 6f44 | 07e0 c5fe | 6f4c 06e0 | c5fd efc1 | c4e2 7d17 | c075 4deb 
  0x000002001042efe4: 448b c883 | e1fc 7419 | 488d 3c0f | 488d 340e | 48f7 d98b | 1c0f 3b1c | 0e75 3148 | 83c1 0475 
  0x000002001042f004: f2a8 0274 | 120f b71f | 0fb7 0e3b | d975 1d48 | 8d7f 0248 | 8d76 02a8 | 0174 0a0f | b61f 0fb6 
  0x000002001042f024: 0e3b d975 | 07b8 0100 | 0000 eb02 | 33c0 c5fd | efc0 c5f5 | efc9 85c0 | 0f84 f5fb 

  0x000002001042f040: ;   {no_reloc}
  0x000002001042f040: ffff 418b | 6814 85ed | 0f84 c4fc | ffff 448b | 5d08 49ba | 0000 001c | 0002 0000 | 4d03 d34d 
  0x000002001042f060: ;   {metadata('java/lang/NamedPackage')}
  0x000002001042f060: 8b52 3849 | bbe8 c001 | 1c00 0200 | 004d 3bd3 | 0f85 b616 | 0000 4c8b | 5424 5845 | 8b52 1045 
  0x000002001042f080: 8b4a 1445 | 85c9 0f85 | d100 0000 | 458b 4a10 | 4585 c90f | 85e6 0d00 | 0048 8b44 | 2478 c5f8 
  0x000002001042f0a0: 7748 81c4 | b000 0000 

  0x000002001042f0a8: ;   {poll_return}
  0x000002001042f0a8: 5d49 3ba7 | 5004 0000 | 0f87 4c27 | 0000 c345 | 8b5a 0c45 | 8b42 084d | 63cb 498b | ea49 c1e1 
  0x000002001042f0c8: 0241 81fb | 0000 0400 | 0f87 b313 | 0000 498b | bfb8 0100 | 0049 8d49 | 1748 83e1 | f848 8bd7 
  0x000002001042f0e8: 4803 d149 | 3b97 c801 | 0000 0f83 | 9113 0000 | 4989 97b8 | 0100 000f | 0d8a c000 | 0000 48c7 
  0x000002001042f108: 0701 0000 | 0044 8947 | 0844 895f | 0c0f 0d8a | 0001 0000 | 0f0d 8a40 | 0100 000f | 0d8a 8001 
  0x000002001042f128: 0000 498d | 4a10 488b | d748 83c2 | 1049 83c1 | 0749 c1e9 | 034d 8bc1 | c5f8 7749 | ba80 9cb9 
  0x000002001042f148: 0f00 0200 | 0041 ffd2 

  0x000002001042f150: ;   {other}
  0x000002001042f150: 0f1f 8400 | 0000 0000 | e9a9 f5ff | ff45 8b41 | 0c41 8b79 | 0849 8be9 | 4963 f048 | c1e6 0241 
  0x000002001042f170: 81f8 0000 | 0400 0f87 | 6913 0000 | 498b 9fb8 | 0100 004c | 8d56 1749 | 83e2 f84c | 8bdb 4d03 
  0x000002001042f190: da4d 3b9f | c801 0000 | 0f83 4713 | 0000 4d89 | 9fb8 0100 | 0041 0f0d | 8bc0 0000 | 0048 c703 
  0x000002001042f1b0: 0100 0000 | 897b 0844 | 8943 0c41 | 0f0d 8b00 | 0100 0041 | 0f0d 8b40 | 0100 0041 | 0f0d 8b80 
  0x000002001042f1d0: 0100 0049 | 8d49 1048 | 8bd3 4883 | c210 4883 | c607 48c1 | ee03 4c8b | c6c5 f877 | 49ba 809c 
  0x000002001042f1f0: b90f 0002 | 0000 41ff 

  0x000002001042f1f8: ;   {other}
  0x000002001042f1f8: d20f 1f84 | 0000 0000 | 0048 8b54 | 2478 4c8b | c366 6690 

  0x000002001042f20c: ;   {optimized virtual_call}
  0x000002001042f20c: c5f8 77e8 

  0x000002001042f210: ; ImmutableOopMap {[120]=Oop }
                      ;*invokevirtual setSigners {reexecute=0 rethrow=0 return_oop=0}
                      ; - java.lang.ClassLoader::setSigners@2
                      ; - java.lang.ClassLoader::postDefineClass@35
                      ; - java.lang.ClassLoader::defineClass@37
  0x000002001042f210: 2cae d4ff 

  0x000002001042f214: ;   {other}
  0x000002001042f214: 0f1f 8400 | 0416 000f | e978 feff | ff44 8bd7 | e9cf f6ff | ff44 8d57 | ffe9 c6f6 | ffff 41ff 
  0x000002001042f234: c345 3bdd | 7c37 4533 | dbe9 f202 | 0000 453b | e90f 854d | 1b00 0045 | 8d45 ff45 | 3bc5 0f83 
  0x000002001042f254: 5c1a 0000 | 4585 c90f | 8653 1a00 | 0045 8d41 | ff45 3bc1 | 0f83 7a1a | 0000 4533 | db47 8b54 
  0x000002001042f274: 9e10 418b | 5a08 448b | 4210 453b | d074 af41 

  0x000002001042f284: ;   {metadata('sun/security/x509/X509CertImpl')}
  0x000002001042f284: 8b48 0881 | fb08 b105 | 010f 8521 | 1e00 0049 | 8bda 8b5b | 20c5 f96e | cb49 8be8 

  0x000002001042f2a0: ;   {metadata('sun/security/x509/X509CertImpl')}
  0x000002001042f2a0: 81f9 08b1 | 0501 0f85 | 9c1e 0000 | 8b5d 20c5 | f97e c94c | 8bc1 c4c1 | f96e c048 | 8bf3 498b 
  0x000002001042f2c0: f848 3bfe | 0f84 cb00 | 0000 4885 | ff0f 84c9 | 0000 0048 | 85f6 0f84 | c000 0000 | 8b4f 0c3b 
  0x000002001042f2e0: 4e0c 0f85 | b400 0000 | 85c9 0f84 | a500 0000 | 488d 7f10 | 488d 7610 | 8bc1 83e0 | 1f83 e1e0 
  0x000002001042f300: 0f84 4b00 | 0000 488d | 3c0f 488d | 340e 48f7 | d9c5 fe6f | 140f c5fe | 6f1c 0ec5 | edef d3c4 
  0x000002001042f320: e27d 17d2 | 0f85 7200 | 0000 4883 | c120 75e1 | 85c0 0f84 | 5d00 0000 | c5fe 6f54 | 07e0 c5fe 
  0x000002001042f340: 6f5c 06e0 | c5ed efd3 | c4e2 7d17 | d275 4deb | 448b c883 | e1fc 7419 | 488d 3c0f | 488d 340e 
  0x000002001042f360: 48f7 d98b | 1c0f 3b1c | 0e75 3148 | 83c1 0475 | f2a8 0274 | 120f b71f | 0fb7 0e3b | d975 1d48 
  0x000002001042f380: 8d7f 0248 | 8d76 02a8 | 0174 0a0f | b61f 0fb6 | 0e3b d975 | 07b8 0100 | 0000 eb02 

  0x000002001042f39c: ;   {no_reloc}
  0x000002001042f39c: 33c0 c5ed | efd2 c5e5 | efdb 85c0 | 0f85 84fe | ffff 41b8 | 0100 0000 | 453b c10f | 8d27 0100 
  0x000002001042f3bc: 0066 6690 | 428b 4c82 | 1044 3bd1 | 0f84 64fe | ffff 8b59 | 0848 8be9 

  0x000002001042f3d4: ;   {metadata('sun/security/x509/X509CertImpl')}
  0x000002001042f3d4: 81fb 08b1 | 0501 0f85 | 6b1d 0000 | 8b5d 2048 | 8bf3 c4e1 | f97e c748 | 3bfe 0f84 | cb00 0000 
  0x000002001042f3f4: 4885 ff0f | 84c9 0000 | 0048 85f6 | 0f84 c000 | 0000 8b4f | 0c3b 4e0c | 0f85 b400 | 0000 85c9 
  0x000002001042f414: 0f84 a500 | 0000 488d | 7f10 488d | 7610 8bc1 | 83e0 1f83 | e1e0 0f84 | 4b00 0000 | 488d 3c0f 
  0x000002001042f434: 488d 340e | 48f7 d9c5 | fe6f 140f | c5fe 6f1c | 0ec5 edef | d3c4 e27d | 17d2 0f85 | 7200 0000 
  0x000002001042f454: 4883 c120 | 75e1 85c0 | 0f84 5d00 | 0000 c5fe | 6f54 07e0 | c5fe 6f5c | 06e0 c5ed | efd3 c4e2 
  0x000002001042f474: 7d17 d275 | 4deb 448b | c883 e1fc | 7419 488d | 3c0f 488d | 340e 48f7 | d98b 1c0f | 3b1c 0e75 
  0x000002001042f494: 3148 83c1 | 0475 f2a8 | 0274 120f | b71f 0fb7 | 0e3b d975 | 1d48 8d7f | 0248 8d76 | 02a8 0174 
  0x000002001042f4b4: 0a0f b61f | 0fb6 0e3b | d975 07b8 | 0100 0000 | eb02 33c0 | c5ed efd2 | c5e5 efdb 

  0x000002001042f4d0: ;   {no_reloc}
  0x000002001042f4d0: 85c0 0f85 | 5afd ffff | 41ff c045 | 3bc1 0f8c | dcfe ffff | 488b 6c24 | 284c 8b54 | 2458 4c89 
  0x000002001042f4f0: 5424 4048 | 8954 2448 | 4c89 7424 | 5844 896c | 2460 4489 | 5c24 6444 | 8944 2468 | 4489 4c24 
  0x000002001042f510: 6cba 45ff | ffff 6690 

  0x000002001042f518: ;   {runtime_call UncommonTrapBlob}
  0x000002001042f518: c5f8 77e8 

  0x000002001042f51c: ; ImmutableOopMap {rbp=Oop [32]=Oop [48]=Oop [64]=Oop [72]=Oop [88]=Oop [136]=Oop }
                      ;*if_icmpge {reexecute=1 rethrow=0 return_oop=0}
                      ; - (reexecute) java.lang.ClassLoader::compareCerts@67
                      ; - java.lang.ClassLoader::checkCerts@80
                      ; - java.lang.ClassLoader::preDefineClass@113
                      ; - java.lang.ClassLoader::defineClass@4
  0x000002001042f51c: e077 78ff 

  0x000002001042f520: ;   {other}
  0x000002001042f520: 0f1f 8400 | 1019 0010 | 41ff c345 | 3bd9 0f8d | 44f2 ffff | 468b 449a | 1041 8b58 | 0841 8b6e 
  0x000002001042f540: 1044 3bc5 | 74e2 448b 

  0x000002001042f548: ;   {metadata('sun/security/x509/X509CertImpl')}
  0x000002001042f548: 5508 81fb | 08b1 0501 | 0f85 ae1b | 0000 488b | cd49 8bd8 | 8b5b 20c5 

  0x000002001042f560: ;   {metadata('sun/security/x509/X509CertImpl')}
  0x000002001042f560: f96e c341 | 81fa 08b1 | 0501 0f85 | 2c1c 0000 | 8b49 2048 | 8beb 488b | f148 8bfd | 483b fe0f 
  0x000002001042f580: 84cb 0000 | 0048 85ff | 0f84 c900 | 0000 4885 | f60f 84c0 | 0000 008b | 4f0c 3b4e | 0c0f 85b4 
  0x000002001042f5a0: 0000 0085 | c90f 84a5 | 0000 0048 | 8d7f 1048 | 8d76 108b | c183 e01f | 83e1 e00f | 844b 0000 
  0x000002001042f5c0: 0048 8d3c | 0f48 8d34 | 0e48 f7d9 | c5fe 6f0c | 0fc5 fe6f | 140e c5f5 | efca c4e2 | 7d17 c90f 
  0x000002001042f5e0: 8572 0000 | 0048 83c1 | 2075 e185 | c00f 845d | 0000 00c5 | fe6f 4c07 | e0c5 fe6f | 5406 e0c5 
  0x000002001042f600: f5ef cac4 | e27d 17c9 | 754d eb44 | 8bc8 83e1 | fc74 1948 | 8d3c 0f48 | 8d34 0e48 | f7d9 8b1c 
  0x000002001042f620: 0f3b 1c0e | 7531 4883 | c104 75f2 | a802 7412 | 0fb7 1f0f | b70e 3bd9 | 751d 488d | 7f02 488d 
  0x000002001042f640: 7602 a801 | 740a 0fb6 | 1f0f b60e | 3bd9 7507 | b801 0000 | 00eb 0233 | c0c5 f5ef | c9c5 edef 
  0x000002001042f660: ;   {no_reloc}
  0x000002001042f660: d285 c00f | 85bf feff | ffb9 0100 | 0000 413b | cd0f 8dd9 | 1600 0041 | ba01 0000 | 0066 6690 
  0x000002001042f680: 438b 7c96 | 1044 3bc7 | 0f84 9afe | ffff 8b5f | 0848 8bcf 

  0x000002001042f694: ;   {metadata('sun/security/x509/X509CertImpl')}
  0x000002001042f694: 81fb 08b1 | 0501 0f85 | ff1a 0000 | 8b59 2048 | 8bf3 488b | fd48 3bfe | 0f84 cb00 | 0000 4885 
  0x000002001042f6b4: ff0f 84c9 | 0000 0048 | 85f6 0f84 | c000 0000 | 8b4f 0c3b | 4e0c 0f85 | b400 0000 | 85c9 0f84 
  0x000002001042f6d4: a500 0000 | 488d 7f10 | 488d 7610 | 8bc1 83e0 | 1f83 e1e0 | 0f84 4b00 | 0000 488d | 3c0f 488d 
  0x000002001042f6f4: 340e 48f7 | d9c5 fe6f | 0c0f c5fe | 6f14 0ec5 | f5ef cac4 | e27d 17c9 | 0f85 7200 | 0000 4883 
  0x000002001042f714: c120 75e1 | 85c0 0f84 | 5d00 0000 | c5fe 6f4c | 07e0 c5fe | 6f54 06e0 | c5f5 efca | c4e2 7d17 
  0x000002001042f734: c975 4deb | 448b c883 | e1fc 7419 | 488d 3c0f | 488d 340e | 48f7 d98b | 1c0f 3b1c | 0e75 3148 
  0x000002001042f754: 83c1 0475 | f2a8 0274 | 120f b71f | 0fb7 0e3b | d975 1d48 | 8d7f 0248 | 8d76 02a8 | 0174 0a0f 
  0x000002001042f774: b61f 0fb6 | 0e3b d975 | 07b8 0100 | 0000 eb02 | 33c0 c5f5 | efc9 c5ed | efd2 85c0 

  0x000002001042f790: ;   {no_reloc}
  0x000002001042f790: 0f85 92fd | ffff 41ff | c245 3bd5 | 0f8c defe | ffff e9af | 1500 0033 | c0e9 0af0 | ffff 448b 
  0x000002001042f7b0: 5634 4c89 | 5424 58e9 | f4eb ffff | 6690 c5f8 | 7748 b8f8 | 9d04 1d00 

  0x000002001042f7c8: ;   {virtual_call}
  0x000002001042f7c8: 0200 00e8 

  0x000002001042f7cc: ; ImmutableOopMap {[40]=Oop [48]=Oop [88]=Oop [136]=Oop }
                      ;*invokevirtual toExternalForm {reexecute=0 rethrow=0 return_oop=1}
                      ; - java.net.URL::toExternalForm@5
                      ; - java.net.URL::toString@1
                      ; - java.lang.ClassLoader::defineClassSourceLocation@22
                      ; - java.lang.ClassLoader::defineClass@12
  0x000002001042f7cc: f098 ffff 

  0x000002001042f7d0: ;   {other}
  0x000002001042f7d0: 0f1f 8400 | c01b 0011 | e9db efff | ff45 33db | 4489 5c24 | 40e9 8eef | ffff 488b | d048 8be8 
  0x000002001042f7f0: ;   {optimized virtual_call}
  0x000002001042f7f0: c5f8 77e8 

  0x000002001042f7f4: ; ImmutableOopMap {rbp=Oop [40]=Oop [88]=Oop [120]=Oop }
                      ;*invokevirtual initClassName {reexecute=0 rethrow=0 return_oop=1}
                      ; - java.lang.Class::getName@14
                      ; - java.lang.Class::getPackageName@40
                      ; - java.lang.ClassLoader::postDefineClass@2
                      ; - java.lang.ClassLoader::defineClass@37
  0x000002001042f7f4: c8bd cfff 

  0x000002001042f7f8: ;   {other}
  0x000002001042f7f8: 0f1f 8400 | e81b 0012 | 488b c848 | 85c0 0f85 | 13f0 ffff | baf6 ffff | ff66 6690 

  0x000002001042f814: ;   {runtime_call UncommonTrapBlob}
  0x000002001042f814: c5f8 77e8 

  0x000002001042f818: ; ImmutableOopMap {}
                      ;*invokevirtual lastIndexOf {reexecute=0 rethrow=0 return_oop=0}
                      ; - java.lang.Class::getPackageName@47
                      ; - java.lang.ClassLoader::postDefineClass@2
                      ; - java.lang.ClassLoader::defineClass@37
  0x000002001042f818: e474 78ff 

  0x000002001042f81c: ;   {other}
  0x000002001042f81c: 0f1f 8400 | 0c1c 0013 | 498b dde9 | aeee ffff | 488b 5424 | 2066 6690 

  0x000002001042f834: ;   {optimized virtual_call}
  0x000002001042f834: c5f8 77e8 

  0x000002001042f838: ; ImmutableOopMap {[32]=Oop [40]=Oop [48]=NarrowOop [56]=Oop [88]=Oop [120]=Oop }
                      ;*invokevirtual intern {reexecute=0 rethrow=0 return_oop=1}
                      ; - java.lang.NamedPackage::<init>@47
                      ; - java.lang.ClassLoader::getNamedPackage@22
                      ; - java.lang.ClassLoader::postDefineClass@9
                      ; - java.lang.ClassLoader::defineClass@37
  0x000002001042f838: 04fb ceff 

  0x000002001042f83c: ;   {other}
  0x000002001042f83c: 0f1f 8400 | 2c1c 0014 | 4c8b 4424 | 388b 4c24 | 3041 8948 | 104c 8bd0 | 4589 500c | 4d8b d049 
  0x000002001042f85c: c1ea 0949 | bb00 009d | 0400 0200 | 0047 8824 | 134c 8b54 | 2428 458b | 5a38 4585 | db0f 849d 
  0x000002001042f87c: 1400 0049 | 8bd3 4c8b | 4424 204c | 8b4c 2438 

  0x000002001042f88c: ;   {optimized virtual_call}
  0x000002001042f88c: c5f8 77e8 

  0x000002001042f890: ; ImmutableOopMap {[40]=Oop [48]=NarrowOop [56]=Oop [88]=Oop [120]=Oop }
                      ;*invokevirtual putIfAbsent {reexecute=0 rethrow=0 return_oop=1}
                      ; - java.lang.ClassLoader::getNamedPackage@32
                      ; - java.lang.ClassLoader::postDefineClass@9
                      ; - java.lang.ClassLoader::defineClass@37
  0x000002001042f890: 2cf0 e5ff 

  0x000002001042f894: ;   {other}
  0x000002001042f894: 0f1f 8400 | 841c 0015 | 4885 c00f | 84d1 f7ff | ff44 8b58 | 0849 ba00 | 0000 1c00 | 0200 004d 
  0x000002001042f8b4: 03d3 4d8b 

  0x000002001042f8b8: ;   {metadata('java/lang/NamedPackage')}
  0x000002001042f8b8: 5238 49bb | e8c0 011c | 0002 0000 | 4d3b d30f | 856b 1400 | 0048 8be8 | ba54 ffff | ff66 6690 
  0x000002001042f8d8: ;   {runtime_call UncommonTrapBlob}
  0x000002001042f8d8: c5f8 77e8 

  0x000002001042f8dc: ; ImmutableOopMap {rbp=Oop [40]=Oop [48]=NarrowOop [56]=Oop [88]=Oop [120]=Oop }
                      ;*ifnull {reexecute=1 rethrow=0 return_oop=0}
                      ; - (reexecute) java.lang.ClassLoader::getNamedPackage@42
                      ; - java.lang.ClassLoader::postDefineClass@9
                      ; - java.lang.ClassLoader::defineClass@37
  0x000002001042f8dc: 2074 78ff 

  0x000002001042f8e0: ;   {other}
  0x000002001042f8e0: 0f1f 8400 | d01c 0016 | 4533 ed48 | 8bf2 e9aa | eaff ff41 | 8bda e9b2 | ebff ff48 | 8bd9 e924 
  0x000002001042f900: f2ff ff33 | c989 4c24 | 40e9 8eeb | ffff 448b | d7e9 e2ef | ffff bbff | ffff ffe9 | ade9 ffff 
  0x000002001042f920: 448b d7e9 | d0ef ffff | 4c63 c54d | 8d50 1049 | 8bd2 4883 | e2f8 498b | fe48 03fa | 49c1 ea03 
  0x000002001042f940: 492b ca48 | 33c0 4883 | f908 7f10 | 48ff c978 | 5648 8904 | cf48 ffc9 | 7df7 eb4b | c5fd efc0 
  0x000002001042f960: e90d 0000 | 00c5 fe7f | 07c5 fe7f | 4720 4883 | c740 4883 | e908 7ded | 4883 c104 | 7c0c c5fe 
  0x000002001042f980: 7f07 4883 | c720 4883 | e904 4883 | c104 7e17 | 48c7 c0ff | ffff ffc4 | e2f0 f5c0 | c4e1 fb92 
  0x000002001042f9a0: f862 f1fe | 2f7f 0749 | 83f8 2077 | 284c 63d5 | 49b8 ffff | ffff ffff | ffff c442 | a8f5 c0c4 
  0x000002001042f9c0: c1fb 92f8 | 62d1 7faf | 6f01 62d1 | 7f2f 7f03 | e9e5 ecff | ff49 8bc9 | 498b d3c5 

  0x000002001042f9dc: ;   {no_reloc}
  0x000002001042f9dc: f877 49ba | c079 b90f | 0002 0000 

  0x000002001042f9e8: ;   {other}
  0x000002001042f9e8: 41ff d20f | 1f84 0000 | 0000 00e9 | c2ec ffff | 33c0 e9e3 | f1ff ff4c | 63c5 4d8d | 5010 4d8b 
  0x000002001042fa08: da49 83e3 | f849 8bfd | 4903 fb49 | c1ea 0349 | 2bca 4833 | c048 83f9 | 087f 1048 | ffc9 7856 
  0x000002001042fa28: 4889 04cf | 48ff c97d | f7eb 4bc5 | fdef c0e9 | 0d00 0000 | c5fe 7f07 | c5fe 7f47 | 2048 83c7 
  0x000002001042fa48: 4048 83e9 | 087d ed48 | 83c1 047c | 0cc5 fe7f | 0748 83c7 | 2048 83e9 | 0448 83c1 | 047e 1748 
  0x000002001042fa68: c7c0 ffff | ffff c4e2 | f0f5 c0c4 | e1fb 92f8 | 62f1 fe2f | 7f07 4983 | f820 7728 | 4c63 d549 
  0x000002001042fa88: bbff ffff | ffff ffff | ffc4 42a8 | f5db c4c1 | fb92 fb62 | f17f af6f | 0662 d17f | 2f7f 01e9 
  0x000002001042faa8: 5bf0 ffff | 488b ce49 | 8bd1 c5f8 | 7749 bac0 | 79b9 0f00 | 0200 0041 

  0x000002001042fac0: ;   {other}
  0x000002001042fac0: ffd2 0f1f | 8400 0000 | 0000 e938 

  0x000002001042facc: ;   {oop(""{0x0000000080000208})}
  0x000002001042facc: f0ff ff48 | bb08 0200 | 8000 0000 | 00e9 fceb | ffff 440f | b755 1041 | 83fa 6a0f | 85a3 e8ff 
  0x000002001042faec: ff44 0fb7 | 5512 4183 | fa61 0f85 | 94e8 ffff | 440f b755 | 1441 83fa | 760f 8585 | e8ff ff44 
  0x000002001042fb0c: 0fb7 5516 | 4183 fa61 | 0f85 76e8 | ffff 440f | b755 1841 | 83fa 2e0f | 8438 e8ff | ffe9 62e8 
  0x000002001042fb2c: ffff 4c8b | 5c24 2041 | c643 1101 | 33c0 8b5c | 2430 448b | 4c24 34e9 | 9af0 ffff | 498b 87b8 
  0x000002001042fb4c: 0100 004c | 8bd0 4983 | c218 448b | 8c24 9000 | 0000 4d8b | c14d 3b97 | c801 0000 | 0f83 8212 
  0x000002001042fb6c: 0000 4d89 | 97b8 0100 | 0041 0f0d | 8ac0 0000 | 0048 c700 | 0100 0000 

  0x000002001042fb84: ;   {metadata('java/util/ArrayList')}
  0x000002001042fb84: c740 08d0 | 890b 0044 | 8960 0c44 

  0x000002001042fb90: ;   {oop(a 'java/lang/Object'[0] {0x0000000080001ac8})}
  0x000002001042fb90: 8960 10c7 | 4014 c81a | 0080 488b | c845 8b53 | 0c45 85d2 | 0f86 d000 | 0000 4533 | c9eb 2490 
  0x000002001042fbb0: 4c8b 5424 | 204c 8954 | 2428 488b | 7424 484c | 8b6c 2450 | 488b 5c24 | 604c 8b44 | 2468 488b 
  0x000002001042fbd0: 4c24 7045 | 8b53 0c45 | 3bca 0f83 | 1c14 0000 | 478b 5c8b | 1045 8b53 | 1045 8b52 | 1044 894c 
  0x000002001042fbf0: 2478 4889 | 4c24 704c | 8944 2468 | 4889 5c24 | 604c 896c | 2450 4889 | 7424 484c | 8b5c 2428 
  0x000002001042fc10: 4c89 5c24 | 204d 8bc2 | 488b d190 

  0x000002001042fc1c: ;   {optimized virtual_call}
  0x000002001042fc1c: c5f8 77e8 

  0x000002001042fc20: ; ImmutableOopMap {[32]=Oop [48]=Oop [72]=Oop [80]=Oop [88]=Oop [96]=Oop [104]=Oop [112]=Oop [136]=Oop [144]=NarrowOop }
                      ;*invokevirtual addAll {reexecute=0 rethrow=0 return_oop=0}
                      ; - java.security.CodeSource::getCertificates@57
                      ; - java.lang.ClassLoader::checkCerts@34
                      ; - java.lang.ClassLoader::preDefineClass@113
                      ; - java.lang.ClassLoader::defineClass@4
  0x000002001042fc20: 5cef 77ff 

  0x000002001042fc24: ;   {other}
  0x000002001042fc24: 0f1f 8400 | 1420 0017 | 4d8b 8758 | 0400 0044 | 8b9c 2490 | 0000 0045 | 8b5b 1044 | 8b4c 2478 
  0x000002001042fc44: ; ImmutableOopMap {r11=NarrowOop [32]=Oop [48]=Oop [72]=Oop [80]=Oop [88]=Oop [96]=Oop [104]=Oop [112]=Oop [136]=Oop [144]=NarrowOop }
                      ;*goto {reexecute=1 rethrow=0 return_oop=0}
                      ; - (reexecute) java.security.CodeSource::getCertificates@64
                      ; - java.lang.ClassLoader::checkCerts@34
                      ; - java.lang.ClassLoader::preDefineClass@113
                      ; - java.lang.ClassLoader::defineClass@4
                      ;   {poll}
  0x000002001042fc44: 41ff c141 | 8500 458b | 530c 453b | ca0f 8c59 | ffff ff4c | 8b54 2420 | 4c89 5424 | 2848 8b74 
  0x000002001042fc64: 2448 4c8b | 6c24 5048 | 8b5c 2460 | 4c8b 4424 | 6848 8b4c | 2470 498b | 87b8 0100 | 004c 8bd0 
  0x000002001042fc84: 4983 c210 | 4d3b 97c8 | 0100 000f | 83c3 1100 | 004d 8997 | b801 0000 | 410f 0d8a | c000 0000 
  0x000002001042fca4: 48c7 0001 | 0000 0041 | 0f0d 8a00 

  0x000002001042fcb0: ;   {metadata('java/security/cert/Certificate'[])}
  0x000002001042fcb0: 0100 00c7 | 4008 2029 | 1000 410f | 0d8a 4001 | 0000 4489 | 600c 410f | 0d8a 8001 | 0000 488b 
  0x000002001042fcd0: ac24 8800 | 0000 4c8b | 5424 284c | 8954 2420 | 4889 7424 | 484c 896c | 2450 448b | 9c24 9000 
  0x000002001042fcf0: 0000 4489 | 5c24 4448 | 895c 2460 | 4c89 4424 | 6848 894c | 2470 4c8b | c048 8b54 | 2470 6690 
  0x000002001042fd10: ;   {optimized virtual_call}
  0x000002001042fd10: c5f8 77e8 

  0x000002001042fd14: ; ImmutableOopMap {rbp=Oop [32]=Oop [48]=Oop [68]=NarrowOop [72]=Oop [80]=Oop [88]=Oop [96]=Oop [104]=Oop }
                      ;*invokevirtual toArray {reexecute=0 rethrow=0 return_oop=1}
                      ; - java.security.CodeSource::getCertificates@73
                      ; - java.lang.ClassLoader::checkCerts@34
                      ; - java.lang.ClassLoader::preDefineClass@113
                      ; - java.lang.ClassLoader::defineClass@4
  0x000002001042fd14: 68ee 77ff 

  0x000002001042fd18: ;   {other}
  0x000002001042fd18: 0f1f 8400 | 0821 0019 | 488b c844 

  0x000002001042fd24: ;   {metadata('java/security/cert/Certificate'[])}
  0x000002001042fd24: 8b50 0841 | 81fa 2029 | 1000 0f85 | ec14 0000 | 448b 490c | 4c8b 5424 | 684d 63d9 | 49c1 ea09 
  0x000002001042fd44: 49b8 0000 | 9d04 0002 | 0000 4788 | 2410 49c1 | e302 4c8b | d144 8b44 | 2444 4589 | 5014 4181 
  0x000002001042fd64: f900 0004 | 000f 8746 | 1100 0049 | 8b9f b801 | 0000 4d8d | 5317 4983 | e2f8 4c8b | c34d 03c2 
  0x000002001042fd84: 4d3b 87c8 | 0100 000f | 8324 1100 | 004d 8987 | b801 0000 | 410f 0d88 | c000 0000 | 48c7 0301 
  0x000002001042fda4: 0000 0041 | 0f0d 8800 

  0x000002001042fdac: ;   {metadata('java/security/cert/Certificate'[])}
  0x000002001042fdac: 0100 00c7 | 4308 2029 | 1000 4489 | 4b0c 410f | 0d88 4001 | 0000 410f | 0d88 8001 | 0000 4883 
  0x000002001042fdcc: c110 488b | d348 83c2 | 1049 83c3 | 0749 c1eb | 034d 8bc3 | c5f8 7749 | ba80 9cb9 | 0f00 0200 
  0x000002001042fdec: 0041 ffd2 

  0x000002001042fdf0: ;   {other}
  0x000002001042fdf0: 0f1f 8400 | 0000 0000 | 4c8b d348 | 89ac 2488 | 0000 004c | 8b5c 2420 | 4c89 5c24 | 2848 8b74 
  0x000002001042fe10: 2448 4c8b | 6c24 5048 | 8b5c 2460 | 498b fae9 | e2e8 ffff | 488b 9424 | 8800 0000 | 4889 5424 
  0x000002001042fe30: 5048 8954 | 2458 6690 

  0x000002001042fe38: ;   {optimized virtual_call}
  0x000002001042fe38: c5f8 77e8 

  0x000002001042fe3c: ; ImmutableOopMap {rbp=NarrowOop [32]=Oop [40]=Oop [48]=Oop [80]=Oop [88]=Oop [136]=Oop }
                      ;*invokevirtual length {reexecute=0 rethrow=0 return_oop=0}
                      ; - java.lang.String::indexOf@30
                      ; - java.lang.String::indexOf@3
                      ; - java.lang.ClassLoader::checkName@16
                      ; - java.lang.ClassLoader::preDefineClass@1
                      ; - java.lang.ClassLoader::defineClass@4
  0x000002001042fe3c: 40ed 77ff 

  0x000002001042fe40: ;   {other}
  0x000002001042fe40: 0f1f 8400 | 3022 001a | 488b d541 | b82f 0000 | 0045 33c9 | 8bf8 488b | 6c24 284c | 8b54 2450 
  0x000002001042fe60: 4c89 5424 | 4866 6690 

  0x000002001042fe68: ;   {static_call}
  0x000002001042fe68: c5f8 77e8 

  0x000002001042fe6c: ; ImmutableOopMap {rbp=Oop [32]=Oop [40]=Oop [48]=Oop [72]=Oop [80]=Oop [136]=Oop }
                      ;*invokestatic indexOf {reexecute=0 rethrow=0 return_oop=0}
                      ; - java.lang.String::indexOf@33
                      ; - java.lang.String::indexOf@3
                      ; - java.lang.ClassLoader::checkName@16
                      ; - java.lang.ClassLoader::preDefineClass@1
                      ; - java.lang.ClassLoader::defineClass@4
  0x000002001042fe6c: 10f7 77ff 

  0x000002001042fe70: ;   {other}
  0x000002001042fe70: 0f1f 8400 | 6022 001b | 8bd8 e94e | e4ff ff49 | 8b87 b801 | 0000 4c8b | d849 83c3 | 1849 8bca 
  0x000002001042fe90: 4d3b 9fc8 | 0100 000f | 8351 1000 | 004d 899f | b801 0000 | 410f 0d8b | c000 0000 | 48c7 0001 
  0x000002001042feb0: ;   {metadata('java/util/ArrayList')}
  0x000002001042feb0: 0000 00c7 | 4008 d089 | 0b00 4489 | 600c 4489 | 6010 418b 

  0x000002001042fec4: ;   {oop(a 'java/lang/Object'[0] {0x0000000080001ac8})}
  0x000002001042fec4: 790c c740 | 14c8 1a00 | 804c 8bc0 | 85ff 0f86 | b900 0000 | 4533 dbeb | 1c66 6690 | 4889 6c24 
  0x000002001042fee4: 2844 8b44 | 2420 4489 | 4424 4048 | 8b4c 2438 | 4c8b 4424 | 4841 8b79 | 0c44 3bdf | 0f83 5611 
  0x000002001042ff04: 0000 438b | 5c99 1044 | 8b4b 1045 | 8b49 1044 | 895c 2444 | 4c89 4424 | 4848 894c | 2438 4489 
  0x000002001042ff24: 5424 2444 | 8b5c 2440 | 4489 5c24 | 2048 8b6c | 2428 4d8b | c148 8b54 | 2448 6690 

  0x000002001042ff40: ;   {optimized virtual_call}
  0x000002001042ff40: c5f8 77e8 

  0x000002001042ff44: ; ImmutableOopMap {rbp=Oop [36]=NarrowOop [56]=Oop [72]=Oop [120]=Oop }
                      ;*invokevirtual addAll {reexecute=0 rethrow=0 return_oop=0}
                      ; - java.security.CodeSource::getCertificates@57
                      ; - java.lang.ClassLoader::postDefineClass@24
                      ; - java.lang.ClassLoader::defineClass@37
  0x000002001042ff44: 38ec 77ff 

  0x000002001042ff48: ;   {other}
  0x000002001042ff48: 0f1f 8400 | 3823 001c | 4d8b 8758 | 0400 0044 | 8b54 2424 | 458b 4a10 | 448b 5c24 

  0x000002001042ff64: ; ImmutableOopMap {r10=NarrowOop r9=NarrowOop rbp=Oop [56]=Oop [72]=Oop [120]=Oop }
                      ;*goto {reexecute=1 rethrow=0 return_oop=0}
                      ; - (reexecute) java.security.CodeSource::getCertificates@64
                      ; - java.lang.ClassLoader::postDefineClass@24
                      ; - java.lang.ClassLoader::defineClass@37
  0x000002001042ff64: 4441 ffc3 

  0x000002001042ff68: ;   {poll}
  0x000002001042ff68: 4185 0045 | 8b41 0c45 | 3bd8 0f8c | 68ff ffff | 4889 6c24 | 2844 8b44 | 2420 4489 | 4424 4048 
  0x000002001042ff88: 8b4c 2438 | 4c8b 4424 | 4849 8b87 | b801 0000 | 4c8b d849 | 83c3 104d | 3b9f c801 | 0000 0f83 
  0x000002001042ffa8: 9f0f 0000 | 4d89 9fb8 | 0100 0041 | 0f0d 8bc0 | 0000 0048 | c700 0100 | 0000 410f | 0d8b 0001 
  0x000002001042ffc8: ;   {metadata('java/security/cert/Certificate'[])}
  0x000002001042ffc8: 0000 c740 | 0820 2910 | 0041 0f0d | 8b40 0100 | 0044 8960 | 0c41 0f0d | 8b80 0100 | 004c 8b5c 
  0x000002001042ffe8: 2428 4c89 | 5c24 204c | 8b5c 2478 | 4c89 5c24 | 3044 8954 | 2438 488b | e94c 8944 | 2448 4c8b 
  0x0000020010430008: c048 8b54 | 2448 6690 

  0x0000020010430010: ;   {optimized virtual_call}
  0x0000020010430010: c5f8 77e8 

  0x0000020010430014: ; ImmutableOopMap {rbp=Oop [32]=Oop [48]=Oop [56]=NarrowOop }
                      ;*invokevirtual toArray {reexecute=0 rethrow=0 return_oop=1}
                      ; - java.security.CodeSource::getCertificates@73
                      ; - java.lang.ClassLoader::postDefineClass@24
                      ; - java.lang.ClassLoader::defineClass@37
  0x0000020010430014: 68eb 77ff 

  0x0000020010430018: ;   {other}
  0x0000020010430018: 0f1f 8400 | 0824 001e | 4c8b d044 

  0x0000020010430024: ;   {metadata('java/security/cert/Certificate'[])}
  0x0000020010430024: 8b40 0841 | 81f8 2029 | 1000 0f85 | c011 0000 | 4c89 5424 | 4045 8b52 | 0c4c 8bdd | 4963 ea49 
  0x0000020010430044: c1eb 0949 | b800 009d | 0400 0200 | 0047 8824 | 1848 c1e5 | 024c 8b5c | 2440 4d8b | c344 8b4c 
  0x0000020010430064: 2438 4589 | 4114 4181 | fa00 0004 | 000f 871a | 0f00 0049 | 8b9f b801 | 0000 4c8d | 5d17 4983 
  0x0000020010430084: e3f8 4c8b | c34d 03c3 | 4d3b 87c8 | 0100 000f | 83f8 0e00 | 004d 8987 | b801 0000 | 410f 0d88 
  0x00000200104300a4: c000 0000 | 48c7 0301 | 0000 0041 | 0f0d 8800 

  0x00000200104300b4: ;   {metadata('java/security/cert/Certificate'[])}
  0x00000200104300b4: 0100 00c7 | 4308 2029 | 1000 4489 | 530c 410f | 0d88 4001 | 0000 410f | 0d88 8001 | 0000 488b 
  0x00000200104300d4: 4c24 4048 | 83c1 1048 | 8bd3 4883 | c210 4883 | c507 48c1 | ed03 4c8b | c5c5 f877 | 49ba 809c 
  0x00000200104300f4: b90f 0002 | 0000 41ff 

  0x00000200104300fc: ;   {other}
  0x00000200104300fc: d20f 1f84 | 0000 0000 | 004c 8b5c | 2430 4c89 | 5c24 78e9 | edf0 ffff 

  0x0000020010430114: ;   {oop(""{0x0000000080000208})}
  0x0000020010430114: 48bb 0802 | 0080 0000 | 0000 e904 | eaff ff44 | 8954 2468 | 4489 4424 | 6444 895c | 2460 448b 
  0x0000020010430134: 9424 9000 | 0000 4489 | 5424 444c | 896c 2450 | 4889 7424 | 484c 8b54 | 2428 4c89 | 5424 2048 
  0x0000020010430154: 8bac 2488 

  0x0000020010430158: ;   {metadata('java/lang/String')}
  0x0000020010430158: 0000 0048 | ba78 e800 | 1c00 0200 | 0066 6690 

  0x0000020010430168: ;   {runtime_call _new_instance_Java}
  0x0000020010430168: c5f8 77e8 

  0x000002001043016c: ; ImmutableOopMap {rbp=Oop [32]=Oop [48]=Oop [68]=NarrowOop [72]=Oop [80]=Oop [88]=Oop [96]=NarrowOop [136]=Oop [144]=NarrowOop }
                      ;*new {reexecute=0 rethrow=0 return_oop=1}
                      ; - java.lang.StringLatin1::newString@7
                      ; - java.lang.String::substring@41
                      ; - java.lang.ClassLoader::checkCerts@21
                      ; - java.lang.ClassLoader::preDefineClass@113
                      ; - java.lang.ClassLoader::defineClass@4
  0x000002001043016c: 100c 7aff 

  0x0000020010430170: ;   {other}
  0x0000020010430170: 0f1f 8400 | 6025 001f | 4c8b 5424 | 204c 8954 | 2428 488b | 7424 484c | 8b6c 2450 | 448b 5c24 
  0x0000020010430190: 6044 8b44 | 2464 448b | 5424 6848 | 8bd8 e986 | e3ff ff48 | 89bc 2480 | 0000 0048 | 894c 2478 
  0x00000200104301b0: 4c89 4c24 | 7048 895c | 2468 4489 | 5424 6044 | 8b94 2490 | 0000 0044 | 8954 2444 | 4c89 6c24 
  0x00000200104301d0: 5048 8974 | 2448 4c8b | 9424 8800 | 0000 4c89 

  0x00000200104301e0: ;   {metadata({type array byte})}
  0x00000200104301e0: 5424 2048 | ba18 2300 | 1c00 0200 | 0044 8b44 | 2460 6690 

  0x00000200104301f4: ;   {runtime_call _new_array_nozero_Java}
  0x00000200104301f4: c5f8 77e8 

  0x00000200104301f8: ; ImmutableOopMap {[32]=Oop [40]=Oop [48]=Oop [68]=NarrowOop [72]=Oop [80]=Oop [88]=Oop [104]=Oop [152]=Oop [112]=Derived_oop_[152] }
                      ;*newarray {reexecute=0 rethrow=0 return_oop=1}
                      ; - java.util.Arrays::copyOfRangeByte@10
                      ; - java.util.Arrays::copyOfRange@13
                      ; - java.lang.StringLatin1::newString@16
                      ; - java.lang.String::substring@41
                      ; - java.lang.ClassLoader::checkCerts@21
                      ; - java.lang.ClassLoader::preDefineClass@113
                      ; - java.lang.ClassLoader::defineClass@4
  0x00000200104301f8: 0405 7aff 

  0x00000200104301fc: ;   {other}
  0x00000200104301fc: 0f1f 8400 | ec25 0020 | 4c8b 5424 | 204c 8994 | 2488 0000 | 0048 8b74 | 2448 4c8b | 6c24 5044 
  0x000002001043021c: 8b5c 2444 | 4489 9c24 | 9000 0000 | 448b 5424 | 6048 8b5c | 2468 4c8b | 4c24 7048 | 8b4c 2478 
  0x000002001043023c: 488b bc24 | 8000 0000 | 4c8b f0e9 | 29e4 ffff | 4c8b 5424 | 204c 8954 | 2428 448b | 5424 3044 
  0x000002001043025c: 8954 2440 | 4c8b 5424 | 384c 8954 | 2458 4c8b | 5c24 5044 | 8b4c 2434 | 448b 5424 | 444c 8b44 
  0x000002001043027c: 2460 e9b4 | e9ff ff44 | 8954 2448 | 4489 5c24 | 4444 894c | 2424 4c8b | 5424 784c | 8954 2438 
  0x000002001043029c: 4c8b 5424 | 584c 8954 | 2430 448b | 5424 4044 | 8954 2420 | 488b 6c24 

  0x00000200104302b4: ;   {metadata('java/lang/String')}
  0x00000200104302b4: 2848 ba78 | e800 1c00 | 0200 0090 

  0x00000200104302c0: ;   {runtime_call _new_instance_Java}
  0x00000200104302c0: c5f8 77e8 

  0x00000200104302c4: ; ImmutableOopMap {rbp=Oop [36]=NarrowOop [48]=Oop [56]=Oop [120]=Oop }
                      ;*new {reexecute=0 rethrow=0 return_oop=1}
                      ; - java.lang.StringLatin1::newString@7
                      ; - java.lang.String::substring@41
                      ; - java.lang.Class::getPackageName@62
                      ; - java.lang.ClassLoader::postDefineClass@2
                      ; - java.lang.ClassLoader::defineClass@37
  0x00000200104302c4: b80a 7aff 

  0x00000200104302c8: ;   {other}
  0x00000200104302c8: 0f1f 8400 | b826 0021 | 4889 6c24 | 2844 8b5c | 2420 4489 | 5c24 404c | 8b54 2430 | 4c89 5424 
  0x00000200104302e8: 5844 8b4c | 2424 448b | 5c24 4444 | 8b54 2448 | 488b d8e9 | 71e6 ffff | 4c89 5c24 | 7048 894c 
  0x0000020010430308: 2468 4889 | 7424 6048 | 895c 2450 | 4489 5424 | 344c 8b54 | 2478 4c89 | 5424 484c | 8b54 2458 
  0x0000020010430328: 4c89 5424 | 3844 8b54 | 2440 4489 | 5424 304c | 8b54 2428 | 4c89 5424 

  0x0000020010430340: ;   {metadata({type array byte})}
  0x0000020010430340: 2048 ba18 | 2300 1c00 | 0200 0044 | 8b44 2434 | 4c8b 5424 | 484c 8954 | 2440 6690 

  0x000002001043035c: ;   {runtime_call _new_array_nozero_Java}
  0x000002001043035c: c5f8 77e8 

  0x0000020010430360: ; ImmutableOopMap {[32]=Oop [56]=Oop [64]=Oop [72]=Oop [80]=Oop [120]=Oop [136]=Oop [96]=Derived_oop_[136] }
                      ;*newarray {reexecute=0 rethrow=0 return_oop=1}
                      ; - java.util.Arrays::copyOfRangeByte@10
                      ; - java.util.Arrays::copyOfRange@13
                      ; - java.lang.StringLatin1::newString@16
                      ; - java.lang.String::substring@41
                      ; - java.lang.Class::getPackageName@62
                      ; - java.lang.ClassLoader::postDefineClass@2
                      ; - java.lang.ClassLoader::defineClass@37
  0x0000020010430360: 9c03 7aff 

  0x0000020010430364: ;   {other}
  0x0000020010430364: 0f1f 8400 | 5427 0022 | 4c8b 5424 | 204c 8954 | 2428 448b | 5c24 3044 | 895c 2440 | 4c8b 5424 
  0x0000020010430384: 384c 8954 | 2458 448b | 5424 3448 | 8b5c 2450 | 488b 7424 | 6048 8b4c | 2468 4c8b | 5c24 704c 
  0x00000200104303a4: 8be8 e917 | e7ff ff44 | 894c 2430 | 4c89 5c24 

  0x00000200104303b4: ;   {metadata('java/lang/NamedPackage')}
  0x00000200104303b4: 2048 bae8 | c001 1c00 | 0200 0090 

  0x00000200104303c0: ;   {runtime_call _new_instance_Java}
  0x00000200104303c0: c5f8 77e8 

  0x00000200104303c4: ; ImmutableOopMap {[32]=Oop [40]=Oop [48]=NarrowOop [88]=Oop [120]=Oop }
                      ;*new {reexecute=0 rethrow=0 return_oop=1}
                      ; - java.lang.ClassLoader::getNamedPackage@16
                      ; - java.lang.ClassLoader::postDefineClass@9
                      ; - java.lang.ClassLoader::defineClass@37
  0x00000200104303c4: b809 7aff 

  0x00000200104303c8: ;   {other}
  0x00000200104303c8: 0f1f 8400 | b827 0023 | e993 e9ff | ff4c 8954 | 2478 4c89 | 4c24 7048 | 895c 2468 | 4489 5c24 
  0x00000200104303e8: 6044 8b9c | 2490 0000 | 0044 895c | 2444 4c89 | 6c24 5048 | 8974 2448 | 4c8b 9424 | 8800 0000 
  0x0000020010430408: 4c89 5424 

  0x000002001043040c: ;   {metadata({type array byte})}
  0x000002001043040c: 2048 ba18 | 2300 1c00 | 0200 0090 

  0x0000020010430418: ;   {runtime_call _new_array_nozero_Java}
  0x0000020010430418: c5f8 77e8 

  0x000002001043041c: ; ImmutableOopMap {rbp=Oop [112]=Derived_oop_rbp [32]=Oop [40]=Oop [48]=Oop [68]=NarrowOop [72]=Oop [80]=Oop [88]=Oop [96]=NarrowOop [104]=Oop [136]=Oop [144]=NarrowOop }
                      ;*invokevirtual clone {reexecute=1 rethrow=0 return_oop=1}
                      ; - (reexecute) java.util.Arrays::copyOfRange@18
                      ; - java.lang.StringLatin1::newString@16
                      ; - java.lang.String::substring@41
                      ; - java.lang.ClassLoader::checkCerts@21
                      ; - java.lang.ClassLoader::preDefineClass@113
                      ; - java.lang.ClassLoader::defineClass@4
  0x000002001043041c: e002 7aff 

  0x0000020010430420: ;   {other}
  0x0000020010430420: 0f1f 8400 | 1028 0024 | 488b 7424 | 484c 8b6c | 2450 488b | 5c24 684c | 8b4c 2470 | 4c8b 5424 
  0x0000020010430440: 7848 8bf8 | e957 e1ff 

  0x0000020010430448: ;   {metadata('java/lang/InternalError')}
  0x0000020010430448: ff48 ba38 | 0701 1c00 | 0200 0090 

  0x0000020010430454: ;   {runtime_call _new_instance_Java}
  0x0000020010430454: c5f8 77e8 

  0x0000020010430458: ; ImmutableOopMap {[32]=Oop [40]=Oop [48]=NarrowOop [56]=Oop [72]=Oop [88]=Oop [120]=Oop }
                      ;*new {reexecute=0 rethrow=0 return_oop=1}
                      ; - java.lang.NamedPackage::<init>@18
                      ; - java.lang.ClassLoader::getNamedPackage@22
                      ; - java.lang.ClassLoader::postDefineClass@9
                      ; - java.lang.ClassLoader::defineClass@37
  0x0000020010430458: 2409 7aff 

  0x000002001043045c: ;   {other}
  0x000002001043045c: 0f1f 8400 | 4c28 0025 | e9ab e9ff 

  0x0000020010430468: ;   {metadata('java/lang/StringBuilder')}
  0x0000020010430468: ff48 ba40 | 8000 1c00 | 0200 0090 

  0x0000020010430474: ;   {runtime_call _new_instance_Java}
  0x0000020010430474: c5f8 77e8 

  0x0000020010430478: ; ImmutableOopMap {[32]=Oop [40]=Oop [48]=NarrowOop [56]=Oop [72]=Oop [88]=Oop [104]=Oop [120]=Oop }
                      ;*new {reexecute=0 rethrow=0 return_oop=1}
                      ; - java.lang.NamedPackage::<init>@22
                      ; - java.lang.ClassLoader::getNamedPackage@22
                      ; - java.lang.ClassLoader::postDefineClass@9
                      ; - java.lang.ClassLoader::defineClass@37
  0x0000020010430478: 0409 7aff 

  0x000002001043047c: ;   {other}
  0x000002001043047c: 0f1f 8400 | 6c28 0026 | e9dc e9ff | ff4c 894c | 2468 4489 | 5424 4448 | 895c 2460 | 4c89 6c24 
  0x000002001043049c: 5048 8974 | 2448 48ba | 0000 001c | 0002 0000 | 4903 d045 | 8bc3 6690 

  0x00000200104304b4: ;   {runtime_call _new_array_Java}
  0x00000200104304b4: c5f8 77e8 

  0x00000200104304b8: ; ImmutableOopMap {rbp=Oop [40]=Oop [48]=Oop [68]=NarrowOop [72]=Oop [80]=Oop [88]=Oop [96]=Oop [136]=Oop }
                      ;*invokevirtual clone {reexecute=1 rethrow=0 return_oop=1}
                      ; - (reexecute) java.security.CodeSource::getCertificates@11
                      ; - java.lang.ClassLoader::checkCerts@34
                      ; - java.lang.ClassLoader::preDefineClass@113
                      ; - java.lang.ClassLoader::defineClass@4
  0x00000200104304b8: c405 7aff 

  0x00000200104304bc: ;   {other}
  0x00000200104304bc: 0f1f 8400 | ac28 0027 | 488b 7424 | 484c 8b6c | 2450 488b | 5c24 6044 | 8b54 2444 | 4c8b 4c24 
  0x00000200104304dc: 6848 8bf8 | e945 ecff | ff48 8974 | 2440 4489 | 4c24 384c | 8b5c 2428 | 4c89 5c24 | 2048 ba00 
  0x00000200104304fc: 0000 1c00 | 0200 0048 | 03d7 6690 

  0x0000020010430508: ;   {runtime_call _new_array_Java}
  0x0000020010430508: c5f8 77e8 

  0x000002001043050c: ; ImmutableOopMap {rbp=Oop [32]=Oop [56]=NarrowOop [120]=Oop }
                      ;*invokevirtual clone {reexecute=1 rethrow=0 return_oop=1}
                      ; - (reexecute) java.security.CodeSource::getCertificates@11
                      ; - java.lang.ClassLoader::postDefineClass@24
                      ; - java.lang.ClassLoader::defineClass@37
  0x000002001043050c: 7005 7aff 

  0x0000020010430510: ;   {other}
  0x0000020010430510: 0f1f 8400 | 0029 0028 | 448b 4c24 | 3848 8b74 | 2440 488b | d8e9 a9ec | ffff 4889 | 4424 6048 
  0x0000020010430530: 8974 2450 | 4889 5c24 | 4845 8bd3 | 4489 4c24 | 444c 8b5c | 2478 4c89 | 5c24 384c | 8b5c 2458 
  0x0000020010430550: 4c89 5c24 | 304c 8b5c | 2428 4c89 

  0x000002001043055c: ;   {metadata({type array byte})}
  0x000002001043055c: 5c24 2048 | ba18 2300 | 1c00 0200 | 0045 8bc2 | 4c8b 5424 | 384c 8954 | 2428 6690 

  0x0000020010430578: ;   {runtime_call _new_array_nozero_Java}
  0x0000020010430578: c5f8 77e8 

  0x000002001043057c: ; ImmutableOopMap {[32]=Oop [40]=Oop [48]=Oop [56]=Oop [68]=NarrowOop [72]=Oop [136]=Oop [80]=Derived_oop_[136] }
                      ;*invokevirtual clone {reexecute=1 rethrow=0 return_oop=1}
                      ; - (reexecute) java.util.Arrays::copyOfRange@18
                      ; - java.lang.StringLatin1::newString@16
                      ; - java.lang.String::substring@41
                      ; - java.lang.Class::getPackageName@62
                      ; - java.lang.ClassLoader::postDefineClass@2
                      ; - java.lang.ClassLoader::defineClass@37
  0x000002001043057c: 8001 7aff 

  0x0000020010430580: ;   {other}
  0x0000020010430580: 0f1f 8400 | 7029 0029 | 4c8b d04c | 8b5c 2420 | 4c89 5c24 | 284c 8b5c | 2430 4c89 | 5c24 584c 
  0x00000200104305a0: 8b5c 2438 | 4c89 5c24 | 7848 8b5c | 2448 488b | 7424 5048 | 8b44 2460 | 498b fae9 | 34e4 ffff 
  0x00000200104305c0: baf6 ffff | ff48 8be8 

  0x00000200104305c8: ;   {runtime_call UncommonTrapBlob}
  0x00000200104305c8: c5f8 77e8 

  0x00000200104305cc: ; ImmutableOopMap {rbp=Oop }
                      ;*invokevirtual get {reexecute=0 rethrow=0 return_oop=0}
                      ; - java.lang.ClassLoader::getNamedPackage@5
                      ; - java.lang.ClassLoader::postDefineClass@9
                      ; - java.lang.ClassLoader::defineClass@37
  0x00000200104305cc: 3067 78ff 

  0x00000200104305d0: ;   {other}
  0x00000200104305d0: 0f1f 8400 | c029 002a | baf6 ffff | ff48 8beb | 4889 7c24 | 2066 6690 

  0x00000200104305e8: ;   {runtime_call UncommonTrapBlob}
  0x00000200104305e8: c5f8 77e8 

  0x00000200104305ec: ; ImmutableOopMap {rbp=Oop [32]=Oop }
                      ;*invokevirtual putIfAbsent {reexecute=0 rethrow=0 return_oop=0}
                      ; - java.lang.ClassLoader::checkCerts@62
                      ; - java.lang.ClassLoader::preDefineClass@113
                      ; - java.lang.ClassLoader::defineClass@4
  0x00000200104305ec: 1067 78ff 

  0x00000200104305f0: ;   {other}
  0x00000200104305f0: 0f1f 8400 | e029 002b | 4533 d245 | 85c0 410f | 96c2 ba45 | ffff ff48 | 8b6c 2428 | 4c8b 9c24 
  0x0000020010430610: 8800 0000 | 4c89 5c24 | 4844 8954 | 2450 6690 

  0x0000020010430620: ;   {runtime_call UncommonTrapBlob}
  0x0000020010430620: c5f8 77e8 

  0x0000020010430624: ; ImmutableOopMap {rbp=Oop [32]=Oop [48]=Oop [72]=Oop [136]=Oop }
                      ;*ifeq {reexecute=1 rethrow=0 return_oop=0}
                      ; - (reexecute) java.lang.ClassLoader::checkName@8
                      ; - java.lang.ClassLoader::preDefineClass@1
                      ; - java.lang.ClassLoader::defineClass@4
  0x0000020010430624: d866 78ff 

  0x0000020010430628: ;   {other}
  0x0000020010430628: 0f1f 8400 | 182a 002c | 498b d345 | 33c0 488b | 6c24 284c | 8954 2448 

  0x0000020010430640: ;   {static_call}
  0x0000020010430640: c5f8 77e8 

  0x0000020010430644: ; ImmutableOopMap {rbp=Oop [32]=Oop [40]=Oop [48]=Oop [72]=Oop [136]=Oop }
                      ;*invokestatic charAt {reexecute=0 rethrow=0 return_oop=0}
                      ; - java.lang.String::charAt@21
                      ; - java.lang.ClassLoader::checkName@25
                      ; - java.lang.ClassLoader::preDefineClass@1
                      ; - java.lang.ClassLoader::defineClass@4
  0x0000020010430644: 38ef 77ff 

  0x0000020010430648: ;   {other}
  0x0000020010430648: 0f1f 8400 | 382a 002d | 448b d0e9 | a6dc ffff | bae4 ffff | ff4c 8954 | 2440 4489 | 5c24 5890 
  0x0000020010430668: ;   {runtime_call UncommonTrapBlob}
  0x0000020010430668: c5f8 77e8 

  0x000002001043066c: ; ImmutableOopMap {[32]=Oop [40]=Oop [48]=Oop [64]=Oop [88]=NarrowOop }
                      ;*invokestatic checkIndex {reexecute=0 rethrow=0 return_oop=0}
                      ; - java.lang.String::checkIndex@5
                      ; - java.lang.StringLatin1::charAt@3
                      ; - java.lang.String::charAt@12
                      ; - java.lang.ClassLoader::checkName@25
                      ; - java.lang.ClassLoader::preDefineClass@1
                      ; - java.lang.ClassLoader::defineClass@4
  0x000002001043066c: 9066 78ff 

  0x0000020010430670: ;   {other}
  0x0000020010430670: 0f1f 8400 | 602a 002e | bace ffff | ff4c 8b94 | 2488 0000 | 004c 8954 | 2440 4489 | 5c24 6090 
  0x0000020010430690: ;   {runtime_call UncommonTrapBlob}
  0x0000020010430690: c5f8 77e8 

  0x0000020010430694: ; ImmutableOopMap {rbp=NarrowOop [32]=Oop [40]=Oop [48]=Oop [64]=Oop }
                      ;*invokestatic indexOfChar {reexecute=0 rethrow=0 return_oop=0}
                      ; - java.lang.StringLatin1::indexOf@33
                      ; - java.lang.String::indexOf@17
                      ; - java.lang.String::indexOf@3
                      ; - java.lang.ClassLoader::checkName@16
                      ; - java.lang.ClassLoader::preDefineClass@1
                      ; - java.lang.ClassLoader::defineClass@4
  0x0000020010430694: 6866 78ff 

  0x0000020010430698: ;   {other}
  0x0000020010430698: 0f1f 8400 | 882a 002f | ba76 ffff | ff41 8beb | 4489 5424 | 244c 8b54 | 2458 4c89 | 5424 4848 
  0x00000200104306b8: 8974 2450 | 4c89 6c24 | 5866 6690 

  0x00000200104306c4: ;   {runtime_call UncommonTrapBlob}
  0x00000200104306c4: c5f8 77e8 

  0x00000200104306c8: ; ImmutableOopMap {rbp=NarrowOop [40]=Oop [48]=Oop [72]=Oop [80]=Oop [88]=Oop [136]=Oop [144]=NarrowOop }
                      ;*iflt {reexecute=1 rethrow=0 return_oop=0}
                      ; - (reexecute) java.lang.StringLatin1::lastIndexOf@19
                      ; - java.lang.String::lastIndexOf@13
                      ; - java.lang.String::lastIndexOf@8
                      ; - java.lang.ClassLoader::checkCerts@3
                      ; - java.lang.ClassLoader::preDefineClass@113
                      ; - java.lang.ClassLoader::defineClass@4
  0x00000200104306c8: 3466 78ff 

  0x00000200104306cc: ;   {other}
  0x00000200104306cc: 0f1f 8400 | bc2a 0030 | ba6e ffff | ff41 8beb | 4489 5424 | 244c 8b54 | 2458 4c89 | 5424 4848 
  0x00000200104306ec: 8974 2450 | 4c89 6c24 | 5866 6690 

  0x00000200104306f8: ;   {runtime_call UncommonTrapBlob}
  0x00000200104306f8: c5f8 77e8 

  0x00000200104306fc: ; ImmutableOopMap {rbp=NarrowOop [40]=Oop [48]=Oop [72]=Oop [80]=Oop [88]=Oop [136]=Oop [144]=NarrowOop }
                      ;*iflt {reexecute=1 rethrow=0 return_oop=0}
                      ; - (reexecute) java.lang.StringLatin1::lastIndexOf@19
                      ; - java.lang.String::lastIndexOf@13
                      ; - java.lang.String::lastIndexOf@8
                      ; - java.lang.ClassLoader::checkCerts@3
                      ; - java.lang.ClassLoader::preDefineClass@113
                      ; - java.lang.ClassLoader::defineClass@4
  0x00000200104306fc: 0066 78ff 

  0x0000020010430700: ;   {other}
  0x0000020010430700: 0f1f 8400 | f02a 0031 | bae4 ffff | ff4c 8b94 | 2488 0000 | 004c 8954 | 2440 6690 

  0x000002001043071c: ;   {runtime_call UncommonTrapBlob}
  0x000002001043071c: c5f8 77e8 

  0x0000020010430720: ; ImmutableOopMap {rbp=NarrowOop [32]=Oop [40]=Oop [48]=Oop [64]=Oop }
                      ;*baload {reexecute=0 rethrow=0 return_oop=0}
                      ; - jdk.internal.util.ArraysSupport::mismatch@82
                      ; - java.lang.String::startsWith@70
                      ; - java.lang.String::startsWith@3
                      ; - java.lang.ClassLoader::preDefineClass@43
                      ; - java.lang.ClassLoader::defineClass@4
  0x0000020010430720: dc65 78ff 

  0x0000020010430724: ;   {other}
  0x0000020010430724: 0f1f 8400 | 142b 0032 | bade ffff | ff66 6690 

  0x0000020010430734: ;   {runtime_call UncommonTrapBlob}
  0x0000020010430734: c5f8 77e8 

  0x0000020010430738: ; ImmutableOopMap {rbp=NarrowOop }
                      ;*checkcast {reexecute=0 rethrow=0 return_oop=0}
                      ; - java.lang.ClassLoader::getNamedPackage@8
                      ; - java.lang.ClassLoader::postDefineClass@9
                      ; - java.lang.ClassLoader::defineClass@37
  0x0000020010430738: c465 78ff 

  0x000002001043073c: ;   {other}
  0x000002001043073c: 0f1f 8400 | 2c2b 0033 | 4889 ac24 | 9800 0000 | 4963 cae9 | 99de ffff | 4883 c1fe | 498b fb48 
  0x000002001043075c: 33c0 4883 | f908 7f10 | 48ff c978 | 5648 8904 | cf48 ffc9 | 7df7 eb4b | c5fd efc0 | e90d 0000 
  0x000002001043077c: 00c5 fe7f | 07c5 fe7f | 4720 4883 | c740 4883 | e908 7ded | 4883 c104 | 7c0c c5fe | 7f07 4883 
  0x000002001043079c: c720 4883 | e904 4883 | c104 7e17 | 48c7 c0ff | ffff ffc4 | e2f0 f5c0 | c4e1 fb92 | f862 f1fe 
  0x00000200104307bc: 2f7f 07e9 | f6de ffff | bacc ffff | ff41 8beb | 4489 5424 | 244c 8b54 | 2458 4c89 | 5424 4848 
  0x00000200104307dc: 8974 2450 | 4c89 6c24 | 5848 895c | 2470 6690 

  0x00000200104307ec: ;   {runtime_call UncommonTrapBlob}
  0x00000200104307ec: c5f8 77e8 

  0x00000200104307f0: ; ImmutableOopMap {rbp=NarrowOop [40]=Oop [48]=Oop [72]=Oop [80]=Oop [88]=Oop [112]=Oop [136]=Oop [144]=NarrowOop }
                      ;*newarray {reexecute=1 rethrow=0 return_oop=0}
                      ; - (reexecute) java.util.Arrays::copyOfRangeByte@10
                      ; - java.util.Arrays::copyOfRange@13
                      ; - java.lang.StringLatin1::newString@16
                      ; - java.lang.String::substring@41
                      ; - java.lang.ClassLoader::checkCerts@21
                      ; - java.lang.ClassLoader::preDefineClass@113
                      ; - java.lang.ClassLoader::defineClass@4
  0x00000200104307f0: 0c65 78ff 

  0x00000200104307f4: ;   {other}
  0x00000200104307f4: 0f1f 8400 | e42b 0034 | ba45 ffff | ff48 8b6c | 2428 4c8b | 9424 8800 | 0000 4c89 | 5424 4889 
  0x0000020010430814: 5c24 5090 

  0x0000020010430818: ;   {runtime_call UncommonTrapBlob}
  0x0000020010430818: c5f8 77e8 

  0x000002001043081c: ; ImmutableOopMap {rbp=Oop [32]=Oop [48]=Oop [72]=Oop [136]=Oop }
                      ;*if_icmpne {reexecute=1 rethrow=0 return_oop=0}
                      ; - (reexecute) java.lang.ClassLoader::checkName@20
                      ; - java.lang.ClassLoader::preDefineClass@1
                      ; - java.lang.ClassLoader::defineClass@4
  0x000002001043081c: e064 78ff 

  0x0000020010430820: ;   {other}
  0x0000020010430820: 0f1f 8400 | 102c 0035 | ba45 ffff | ff4c 895c | 2440 4489 | 4c24 4844 | 8944 244c 

  0x000002001043083c: ;   {runtime_call UncommonTrapBlob}
  0x000002001043083c: c5f8 77e8 

  0x0000020010430840: ; ImmutableOopMap {[40]=Oop [64]=Oop [72]=NarrowOop [88]=Oop [120]=Oop }
                      ;*ifle {reexecute=1 rethrow=0 return_oop=0}
                      ; - (reexecute) java.util.concurrent.ConcurrentHashMap::get@23
                      ; - java.lang.ClassLoader::getNamedPackage@5
                      ; - java.lang.ClassLoader::postDefineClass@9
                      ; - java.lang.ClassLoader::defineClass@37
  0x0000020010430840: bc64 78ff 

  0x0000020010430844: ;   {other}
  0x0000020010430844: 0f1f 8400 | 342c 0036 | 4533 db85 | c941 0f94 | c3ba 45ff | ffff 4c8b | 5424 284c | 8954 2420 
  0x0000020010430864: 4c8b 5424 | 584c 8954 | 2440 4889 | 7424 484c | 896c 2460 | 4489 5c24 | 5c66 6690 

  0x0000020010430880: ;   {runtime_call UncommonTrapBlob}
  0x0000020010430880: c5f8 77e8 

  0x0000020010430884: ; ImmutableOopMap {[32]=Oop [48]=Oop [64]=Oop [72]=Oop [96]=Oop [136]=Oop [144]=NarrowOop }
                      ;*ifeq {reexecute=1 rethrow=0 return_oop=0}
                      ; - (reexecute) java.lang.String::lastIndexOf@4
                      ; - java.lang.String::lastIndexOf@8
                      ; - java.lang.ClassLoader::checkCerts@3
                      ; - java.lang.ClassLoader::preDefineClass@113
                      ; - java.lang.ClassLoader::defineClass@4
  0x0000020010430884: 7864 78ff 

  0x0000020010430888: ;   {other}
  0x0000020010430888: 0f1f 8400 | 782c 0037 | ba45 ffff | ff44 8954 | 2420 4489 | 5424 244c | 8b54 2458 | 4c89 5424 
  0x00000200104308a8: 4848 8974 | 2450 4c89 | 6c24 6844 | 894c 2470 

  0x00000200104308b8: ;   {runtime_call UncommonTrapBlob}
  0x00000200104308b8: c5f8 77e8 

  0x00000200104308bc: ; ImmutableOopMap {[40]=Oop [48]=Oop [72]=Oop [80]=Oop [104]=Oop [136]=Oop [144]=NarrowOop }
                      ;*if_icmpgt {reexecute=1 rethrow=0 return_oop=0}
                      ; - (reexecute) jdk.internal.util.Preconditions::checkFromToIndex@6
                      ; - java.lang.String::checkBoundsBeginEnd@6
                      ; - java.lang.String::substring@8
                      ; - java.lang.ClassLoader::checkCerts@21
                      ; - java.lang.ClassLoader::preDefineClass@113
                      ; - java.lang.ClassLoader::defineClass@4
  0x00000200104308bc: 4064 78ff 

  0x00000200104308c0: ;   {other}
  0x00000200104308c0: 0f1f 8400 | b02c 0038 | ba45 ffff | ff48 8b6c | 2428 4c8b | 9c24 8800 | 0000 4c89 | 5c24 4844 
  0x00000200104308e0: 8954 2450 

  0x00000200104308e4: ;   {runtime_call UncommonTrapBlob}
  0x00000200104308e4: c5f8 77e8 

  0x00000200104308e8: ; ImmutableOopMap {rbp=Oop [32]=Oop [48]=Oop [72]=Oop [136]=Oop }
                      ;*if_icmpne {reexecute=1 rethrow=0 return_oop=0}
                      ; - (reexecute) java.lang.ClassLoader::checkName@30
                      ; - java.lang.ClassLoader::preDefineClass@1
                      ; - java.lang.ClassLoader::defineClass@4
  0x00000200104308e8: 1464 78ff 

  0x00000200104308ec: ;   {other}
  0x00000200104308ec: 0f1f 8400 | dc2c 0039 | ba76 ffff | ff41 8be9 | 897c 2424 | 4c8b 5424 | 784c 8954 | 2430 4c8b 
  0x000002001043090c: 5424 584c | 8954 2440 | 4889 4c24 | 5866 6690 

  0x000002001043091c: ;   {runtime_call UncommonTrapBlob}
  0x000002001043091c: c5f8 77e8 

  0x0000020010430920: ; ImmutableOopMap {rbp=NarrowOop [40]=Oop [48]=Oop [64]=Oop [88]=Oop }
                      ;*iflt {reexecute=1 rethrow=0 return_oop=0}
                      ; - (reexecute) java.lang.StringLatin1::lastIndexOf@19
                      ; - java.lang.String::lastIndexOf@13
                      ; - java.lang.String::lastIndexOf@8
                      ; - java.lang.Class::getPackageName@47
                      ; - java.lang.ClassLoader::postDefineClass@2
                      ; - java.lang.ClassLoader::defineClass@37
  0x0000020010430920: dc63 78ff 

  0x0000020010430924: ;   {other}
  0x0000020010430924: 0f1f 8400 | 142d 003a | ba45 ffff | ff48 8944 | 2430 4889 | 4424 4090 

  0x000002001043093c: ;   {runtime_call UncommonTrapBlob}
  0x000002001043093c: c5f8 77e8 

  0x0000020010430940: ; ImmutableOopMap {[40]=Oop [48]=Oop [64]=Oop [88]=Oop }
                      ;*ifeq {reexecute=1 rethrow=0 return_oop=0}
                      ; - (reexecute) java.lang.Class::getPackageName@13
                      ; - java.lang.ClassLoader::postDefineClass@2
                      ; - java.lang.ClassLoader::defineClass@37
  0x0000020010430940: bc63 78ff 

  0x0000020010430944: ;   {other}
  0x0000020010430944: 0f1f 8400 | 342d 003b | ba45 ffff | ff41 8bea | 4c8b 5424 | 284c 8954 | 2420 4c8b | 5424 584c 
  0x0000020010430964: 8954 2440 | 4889 7424 | 484c 896c | 2450 6690 

  0x0000020010430974: ;   {runtime_call UncommonTrapBlob}
  0x0000020010430974: c5f8 77e8 

  0x0000020010430978: ; ImmutableOopMap {[32]=Oop [48]=Oop [64]=Oop [72]=Oop [80]=Oop [136]=Oop [144]=NarrowOop }
                      ;*if_icmpne {reexecute=1 rethrow=0 return_oop=0}
                      ; - (reexecute) java.lang.ClassLoader::checkCerts@9
                      ; - java.lang.ClassLoader::preDefineClass@113
                      ; - java.lang.ClassLoader::defineClass@4
  0x0000020010430978: 8463 78ff 

  0x000002001043097c: ;   {other}
  0x000002001043097c: 0f1f 8400 | 6c2d 003c | ba45 ffff | ff44 8954 | 2420 4489 | 5424 244c | 8b54 2458 | 4c89 5424 
  0x000002001043099c: 4848 8974 | 2450 4c89 | 6c24 6844 | 894c 2470 | 4489 4c24 | 7466 6690 

  0x00000200104309b4: ;   {runtime_call UncommonTrapBlob}
  0x00000200104309b4: c5f8 77e8 

  0x00000200104309b8: ; ImmutableOopMap {[40]=Oop [48]=Oop [72]=Oop [80]=Oop [104]=Oop [136]=Oop [144]=NarrowOop }
                      ;*if_icmple {reexecute=1 rethrow=0 return_oop=0}
                      ; - (reexecute) jdk.internal.util.Preconditions::checkFromToIndex@11
                      ; - java.lang.String::checkBoundsBeginEnd@6
                      ; - java.lang.String::substring@8
                      ; - java.lang.ClassLoader::checkCerts@21
                      ; - java.lang.ClassLoader::preDefineClass@113
                      ; - java.lang.ClassLoader::defineClass@4
  0x00000200104309b8: 4463 78ff 

  0x00000200104309bc: ;   {other}
  0x00000200104309bc: 0f1f 8400 | ac2d 003d | ba6e ffff | ff41 8be9 | 897c 2424 | 4c8b 5424 | 784c 8954 | 2430 4c8b 
  0x00000200104309dc: 5424 584c | 8954 2440 | 4889 4c24 | 5866 6690 

  0x00000200104309ec: ;   {runtime_call UncommonTrapBlob}
  0x00000200104309ec: c5f8 77e8 

  0x00000200104309f0: ; ImmutableOopMap {rbp=NarrowOop [40]=Oop [48]=Oop [64]=Oop [88]=Oop }
                      ;*iflt {reexecute=1 rethrow=0 return_oop=0}
                      ; - (reexecute) java.lang.StringLatin1::lastIndexOf@19
                      ; - java.lang.String::lastIndexOf@13
                      ; - java.lang.String::lastIndexOf@8
                      ; - java.lang.Class::getPackageName@47
                      ; - java.lang.ClassLoader::postDefineClass@2
                      ; - java.lang.ClassLoader::defineClass@37
  0x00000200104309f0: 0c63 78ff 

  0x00000200104309f4: ;   {other}
  0x00000200104309f4: 0f1f 8400 | e42d 003e | ba45 ffff | ff48 8b6c | 2428 4489 | 4c24 4890 

  0x0000020010430a0c: ;   {runtime_call UncommonTrapBlob}
  0x0000020010430a0c: c5f8 77e8 

  0x0000020010430a10: ; ImmutableOopMap {rbp=Oop [32]=Oop [48]=Oop [88]=Oop [136]=Oop }
                      ;*ifne {reexecute=1 rethrow=0 return_oop=0}
                      ; - (reexecute) java.lang.ClassLoader::compareCerts@7
                      ; - java.lang.ClassLoader::checkCerts@80
                      ; - java.lang.ClassLoader::preDefineClass@113
                      ; - java.lang.ClassLoader::defineClass@4
  0x0000020010430a10: ec62 78ff 

  0x0000020010430a14: ;   {other}
  0x0000020010430a14: 0f1f 8400 | 042e 003f | 4963 cae9 | 15e0 ffff | 4883 c1fe | 498b f948 | 33c0 4883 | f908 7f10 
  0x0000020010430a34: 48ff c978 | 5648 8904 | cf48 ffc9 | 7df7 eb4b | c5fd efc0 | e90d 0000 | 00c5 fe7f | 07c5 fe7f 
  0x0000020010430a54: 4720 4883 | c740 4883 | e908 7ded | 4883 c104 | 7c0c c5fe | 7f07 4883 | c720 4883 | e904 4883 
  0x0000020010430a74: c104 7e17 | 48c7 c0ff | ffff ffc4 | e2f0 f5c0 | c4e1 fb92 | f862 f1fe | 2f7f 07e9 | 73e0 ffff 
  0x0000020010430a94: bacc ffff | ff41 8be9 | 4489 5424 | 244c 8b54 | 2478 4c89 | 5424 304c | 8b54 2458 | 4c89 5424 
  0x0000020010430ab4: 4048 895c | 2460 6690 

  0x0000020010430abc: ;   {runtime_call UncommonTrapBlob}
  0x0000020010430abc: c5f8 77e8 

  0x0000020010430ac0: ; ImmutableOopMap {rbp=NarrowOop [40]=Oop [48]=Oop [64]=Oop [96]=Oop }
                      ;*newarray {reexecute=1 rethrow=0 return_oop=0}
                      ; - (reexecute) java.util.Arrays::copyOfRangeByte@10
                      ; - java.util.Arrays::copyOfRange@13
                      ; - java.lang.StringLatin1::newString@16
                      ; - java.lang.String::substring@41
                      ; - java.lang.Class::getPackageName@62
                      ; - java.lang.ClassLoader::postDefineClass@2
                      ; - java.lang.ClassLoader::defineClass@37
  0x0000020010430ac0: 3c62 78ff 

  0x0000020010430ac4: ;   {other}
  0x0000020010430ac4: 0f1f 8400 | b42e 0040 | baf6 ffff | ff66 6690 

  0x0000020010430ad4: ;   {runtime_call UncommonTrapBlob}
  0x0000020010430ad4: c5f8 77e8 

  0x0000020010430ad8: ; ImmutableOopMap {}
                      ;*invokevirtual isNamed {reexecute=0 rethrow=0 return_oop=0}
                      ; - java.lang.NamedPackage::<init>@12
                      ; - java.lang.ClassLoader::getNamedPackage@22
                      ; - java.lang.ClassLoader::postDefineClass@9
                      ; - java.lang.ClassLoader::defineClass@37
  0x0000020010430ad8: 2462 78ff 

  0x0000020010430adc: ;   {other}
  0x0000020010430adc: 0f1f 8400 | cc2e 0041 | baf6 ffff | ff66 6690 

  0x0000020010430aec: ;   {runtime_call UncommonTrapBlob}
  0x0000020010430aec: c5f8 77e8 

  0x0000020010430af0: ; ImmutableOopMap {[48]=NarrowOop }
                      ;*invokevirtual append {reexecute=0 rethrow=0 return_oop=0}
                      ; - java.lang.NamedPackage::<init>@35
                      ; - java.lang.ClassLoader::getNamedPackage@22
                      ; - java.lang.ClassLoader::postDefineClass@9
                      ; - java.lang.ClassLoader::defineClass@37
  0x0000020010430af0: 0c62 78ff 

  0x0000020010430af4: ;   {other}
  0x0000020010430af4: 0f1f 8400 | e42e 0042 | baf6 ffff | ff66 6690 

  0x0000020010430b04: ;   {runtime_call UncommonTrapBlob}
  0x0000020010430b04: c5f8 77e8 

  0x0000020010430b08: ; ImmutableOopMap {}
                      ;*invokevirtual toString {reexecute=0 rethrow=0 return_oop=0}
                      ; - java.lang.NamedPackage::<init>@38
                      ; - java.lang.ClassLoader::getNamedPackage@22
                      ; - java.lang.ClassLoader::postDefineClass@9
                      ; - java.lang.ClassLoader::defineClass@37
  0x0000020010430b08: f461 78ff 

  0x0000020010430b0c: ;   {other}
  0x0000020010430b0c: 0f1f 8400 | fc2e 0043 | 4585 d244 | 8b5c 2440 | 410f 94c3 | 458b d3ba | 45ff ffff | 4c8b 5c24 
  0x0000020010430b2c: 784c 895c | 2420 4c8b | 5c24 584c | 895c 2438 | 4889 4c24 | 5844 8954 | 2460 6690 

  0x0000020010430b48: ;   {runtime_call UncommonTrapBlob}
  0x0000020010430b48: c5f8 77e8 

  0x0000020010430b4c: ; ImmutableOopMap {[32]=Oop [40]=Oop [56]=Oop [88]=Oop }
                      ;*ifeq {reexecute=1 rethrow=0 return_oop=0}
                      ; - (reexecute) java.lang.String::lastIndexOf@4
                      ; - java.lang.String::lastIndexOf@8
                      ; - java.lang.Class::getPackageName@47
                      ; - java.lang.ClassLoader::postDefineClass@2
                      ; - java.lang.ClassLoader::defineClass@37
  0x0000020010430b4c: b061 78ff 

  0x0000020010430b50: ;   {other}
  0x0000020010430b50: 0f1f 8400 | 402f 0044 | ba45 ffff | ff44 8954 | 2420 4489 | 5424 244c | 8b54 2478 | 4c89 5424 
  0x0000020010430b70: 304c 8b54 | 2458 4c89 | 5424 4048 | 894c 2458 | 4489 4424 | 6466 6690 

  0x0000020010430b88: ;   {runtime_call UncommonTrapBlob}
  0x0000020010430b88: c5f8 77e8 

  0x0000020010430b8c: ; ImmutableOopMap {[40]=Oop [48]=Oop [64]=Oop [88]=Oop }
                      ;*if_icmpgt {reexecute=1 rethrow=0 return_oop=0}
                      ; - (reexecute) jdk.internal.util.Preconditions::checkFromToIndex@6
                      ; - java.lang.String::checkBoundsBeginEnd@6
                      ; - java.lang.String::substring@8
                      ; - java.lang.Class::getPackageName@62
                      ; - java.lang.ClassLoader::postDefineClass@2
                      ; - java.lang.ClassLoader::defineClass@37
  0x0000020010430b8c: 7061 78ff 

  0x0000020010430b90: ;   {other}
  0x0000020010430b90: 0f1f 8400 | 802f 0045 | ba45 ffff | ff41 8bea | 4c8b 5424 | 784c 8954 | 2420 6690 

  0x0000020010430bac: ;   {runtime_call UncommonTrapBlob}
  0x0000020010430bac: c5f8 77e8 

  0x0000020010430bb0: ; ImmutableOopMap {[32]=Oop [40]=Oop [88]=Oop }
                      ;*if_icmpeq {reexecute=1 rethrow=0 return_oop=0}
                      ; - (reexecute) java.lang.Class::getPackageName@55
                      ; - java.lang.ClassLoader::postDefineClass@2
                      ; - java.lang.ClassLoader::defineClass@37
  0x0000020010430bb0: 4c61 78ff 

  0x0000020010430bb4: ;   {other}
  0x0000020010430bb4: 0f1f 8400 | a42f 0046 | ba45 ffff | ff44 8954 | 2420 4489 | 5424 244c | 8b54 2478 | 4c89 5424 
  0x0000020010430bd4: 304c 8b54 | 2458 4c89 | 5424 4048 | 894c 2458 | 4489 4424 | 6444 8944 | 2468 6690 

  0x0000020010430bf0: ;   {runtime_call UncommonTrapBlob}
  0x0000020010430bf0: c5f8 77e8 

  0x0000020010430bf4: ; ImmutableOopMap {[40]=Oop [48]=Oop [64]=Oop [88]=Oop }
                      ;*if_icmple {reexecute=1 rethrow=0 return_oop=0}
                      ; - (reexecute) jdk.internal.util.Preconditions::checkFromToIndex@11
                      ; - java.lang.String::checkBoundsBeginEnd@6
                      ; - java.lang.String::substring@8
                      ; - java.lang.Class::getPackageName@62
                      ; - java.lang.ClassLoader::postDefineClass@2
                      ; - java.lang.ClassLoader::defineClass@37
  0x0000020010430bf4: 0861 78ff 

  0x0000020010430bf8: ;   {other}
  0x0000020010430bf8: 0f1f 8400 | e82f 0047 | ba45 ffff | ff48 8b5c | 2458 4889 | 5c24 3844 | 894c 2450 | 4c89 5c24 
  0x0000020010430c18: 5844 8944 | 2454 4489 | 5424 6089 | 4c24 6490 

  0x0000020010430c28: ;   {runtime_call UncommonTrapBlob}
  0x0000020010430c28: c5f8 77e8 

  0x0000020010430c2c: ; ImmutableOopMap {[40]=Oop [56]=Oop [80]=NarrowOop [84]=NarrowOop [88]=Oop [120]=Oop }
                      ;*if_icmpne {reexecute=1 rethrow=0 return_oop=0}
                      ; - (reexecute) java.lang.String::equals@33
                      ; - java.util.concurrent.ConcurrentHashMap::get@73
                      ; - java.lang.ClassLoader::getNamedPackage@5
                      ; - java.lang.ClassLoader::postDefineClass@9
                      ; - java.lang.ClassLoader::defineClass@37
  0x0000020010430c2c: d060 78ff 

  0x0000020010430c30: ;   {other}
  0x0000020010430c30: 0f1f 8400 | 2030 0048 | 4585 d244 | 8b54 2440 | 410f 94c2 | 458b c2ba | 45ff ffff | 4c8b 5424 
  0x0000020010430c50: 584c 8954 | 2438 4489 | 4c24 4889 | 5c24 4c4c | 895c 2450 | 4c89 5c24 | 5844 8944 | 2460 6690 
  0x0000020010430c70: ;   {runtime_call UncommonTrapBlob}
  0x0000020010430c70: c5f8 77e8 

  0x0000020010430c74: ; ImmutableOopMap {[40]=Oop [56]=Oop [72]=NarrowOop [76]=NarrowOop [80]=Oop [88]=Oop [120]=Oop }
                      ;*ifeq {reexecute=1 rethrow=0 return_oop=0}
                      ; - (reexecute) java.lang.String::hashCode@20
                      ; - java.util.concurrent.ConcurrentHashMap::get@1
                      ; - java.lang.ClassLoader::getNamedPackage@5
                      ; - java.lang.ClassLoader::postDefineClass@9
                      ; - java.lang.ClassLoader::defineClass@37
  0x0000020010430c74: 8860 78ff 

  0x0000020010430c78: ;   {other}
  0x0000020010430c78: 0f1f 8400 | 6830 0049 | ba45 ffff | ff48 8b4c | 2458 4889 | 4c24 3844 | 894c 2450 | 4c89 5c24 
  0x0000020010430c98: 5844 8944 | 2454 4489 | 5424 6090 

  0x0000020010430ca4: ;   {runtime_call UncommonTrapBlob}
  0x0000020010430ca4: c5f8 77e8 

  0x0000020010430ca8: ; ImmutableOopMap {[40]=Oop [56]=Oop [80]=NarrowOop [84]=NarrowOop [88]=Oop [120]=Oop }
                      ;*ifge {reexecute=1 rethrow=0 return_oop=0}
                      ; - (reexecute) java.util.concurrent.ConcurrentHashMap::get@86
                      ; - java.lang.ClassLoader::getNamedPackage@5
                      ; - java.lang.ClassLoader::postDefineClass@9
                      ; - java.lang.ClassLoader::defineClass@37
  0x0000020010430ca8: 5460 78ff 

  0x0000020010430cac: ;   {other}
  0x0000020010430cac: 0f1f 8400 | 9c30 004a | 488b 6c24 | 284c 8b54 | 2458 4c89 | 5424 4048 | 8954 2448 | 4c89 7424 
  0x0000020010430ccc: 5844 896c | 2464 ba76 | ffff ff90 

  0x0000020010430cd8: ;   {runtime_call UncommonTrapBlob}
  0x0000020010430cd8: c5f8 77e8 

  0x0000020010430cdc: ; ImmutableOopMap {rbp=Oop [32]=Oop [48]=Oop [64]=Oop [72]=Oop [88]=Oop [136]=Oop }
                      ;*if_icmpge {reexecute=1 rethrow=0 return_oop=0}
                      ; - (reexecute) java.lang.ClassLoader::compareCerts@40
                      ; - java.lang.ClassLoader::checkCerts@80
                      ; - java.lang.ClassLoader::preDefineClass@113
                      ; - java.lang.ClassLoader::defineClass@4
  0x0000020010430cdc: 2060 78ff 

  0x0000020010430ce0: ;   {other}
  0x0000020010430ce0: 0f1f 8400 | d030 004b | 488b 6c24 | 284c 8b54 | 2458 4c89 | 5424 4048 | 8954 2448 | 4c89 7424 
  0x0000020010430d00: 5844 896c | 2464 babe | ffff ff90 

  0x0000020010430d0c: ;   {runtime_call UncommonTrapBlob}
  0x0000020010430d0c: c5f8 77e8 

  0x0000020010430d10: ; ImmutableOopMap {rbp=Oop [32]=Oop [48]=Oop [64]=Oop [72]=Oop [88]=Oop [136]=Oop }
                      ;*if_icmpge {reexecute=1 rethrow=0 return_oop=0}
                      ; - (reexecute) java.lang.ClassLoader::compareCerts@40
                      ; - java.lang.ClassLoader::checkCerts@80
                      ; - java.lang.ClassLoader::preDefineClass@113
                      ; - java.lang.ClassLoader::defineClass@4
  0x0000020010430d10: ec5f 78ff 

  0x0000020010430d14: ;   {other}
  0x0000020010430d14: 0f1f 8400 | 0431 004c | baf6 ffff | ff48 8b6c | 2420 6690 

  0x0000020010430d28: ;   {runtime_call UncommonTrapBlob}
  0x0000020010430d28: c5f8 77e8 

  0x0000020010430d2c: ; ImmutableOopMap {rbp=Oop [56]=Oop }
                      ;*invokevirtual putIfAbsent {reexecute=0 rethrow=0 return_oop=0}
                      ; - java.lang.ClassLoader::getNamedPackage@32
                      ; - java.lang.ClassLoader::postDefineClass@9
                      ; - java.lang.ClassLoader::defineClass@37
  0x0000020010430d2c: d05f 78ff 

  0x0000020010430d30: ;   {other}
  0x0000020010430d30: 0f1f 8400 | 2031 004d | bade ffff | ff48 8be8 

  0x0000020010430d40: ;   {runtime_call UncommonTrapBlob}
  0x0000020010430d40: c5f8 77e8 

  0x0000020010430d44: ; ImmutableOopMap {rbp=Oop }
                      ;*checkcast {reexecute=0 rethrow=0 return_oop=0}
                      ; - java.lang.ClassLoader::getNamedPackage@35
                      ; - java.lang.ClassLoader::postDefineClass@9
                      ; - java.lang.ClassLoader::defineClass@37
  0x0000020010430d44: b85f 78ff 

  0x0000020010430d48: ;   {other}
  0x0000020010430d48: 0f1f 8400 | 3831 004e | 41ba 0100 | 0000 488b | 6c24 284c | 8b44 2458 | 4c89 4424 | 404c 8974 
  0x0000020010430d68: 2448 4889 | 5424 5044 | 894c 2458 | 4489 5c24 | 5c44 8954 | 2460 4489 | 6c24 64ba | 45ff ffff 
  0x0000020010430d88: ;   {runtime_call UncommonTrapBlob}
  0x0000020010430d88: c5f8 77e8 

  0x0000020010430d8c: ; ImmutableOopMap {rbp=Oop [32]=Oop [48]=Oop [64]=Oop [72]=Oop [80]=Oop [136]=Oop }
                      ;*if_icmpge {reexecute=1 rethrow=0 return_oop=0}
                      ; - (reexecute) java.lang.ClassLoader::compareCerts@152
                      ; - java.lang.ClassLoader::checkCerts@80
                      ; - java.lang.ClassLoader::preDefineClass@113
                      ; - java.lang.ClassLoader::defineClass@4
  0x0000020010430d8c: 705f 78ff 

  0x0000020010430d90: ;   {other}
  0x0000020010430d90: 0f1f 8400 | 8031 004f | ba45 ffff | ff48 8b6c | 2428 4489 | 6c24 4844 | 894c 244c 

  0x0000020010430dac: ;   {runtime_call UncommonTrapBlob}
  0x0000020010430dac: c5f8 77e8 

  0x0000020010430db0: ; ImmutableOopMap {rbp=Oop [32]=Oop [48]=Oop [88]=Oop [136]=Oop }
                      ;*if_icmpeq {reexecute=1 rethrow=0 return_oop=0}
                      ; - (reexecute) java.lang.ClassLoader::compareCerts@20
                      ; - java.lang.ClassLoader::checkCerts@80
                      ; - java.lang.ClassLoader::preDefineClass@113
                      ; - java.lang.ClassLoader::defineClass@4
  0x0000020010430db0: 4c5f 78ff 

  0x0000020010430db4: ;   {other}
  0x0000020010430db4: 0f1f 8400 | a431 0050 | ba45 ffff | ff4c 8b44 | 2458 4c89 | 4424 3844 | 894c 2450 | 4c89 5c24 
  0x0000020010430dd4: 5848 895c | 2460 4489 | 5424 5490 

  0x0000020010430de0: ;   {runtime_call UncommonTrapBlob}
  0x0000020010430de0: c5f8 77e8 

  0x0000020010430de4: ; ImmutableOopMap {rbp=NarrowOop [40]=Oop [56]=Oop [80]=NarrowOop [88]=Oop [96]=Oop [120]=Oop }
                      ;*ifnull {reexecute=1 rethrow=0 return_oop=0}
                      ; - (reexecute) java.util.concurrent.ConcurrentHashMap::get@143
                      ; - java.lang.ClassLoader::getNamedPackage@5
                      ; - java.lang.ClassLoader::postDefineClass@9
                      ; - java.lang.ClassLoader::defineClass@37
  0x0000020010430de4: 185f 78ff 

  0x0000020010430de8: ;   {other}
  0x0000020010430de8: 0f1f 8400 | d831 0051 | 4c89 4424 | 7044 895c | 2468 4889 | 5c24 604c | 896c 2450 | 4889 7424 
  0x0000020010430e08: 484c 8b54 | 2428 4c89 

  0x0000020010430e10: ;   {metadata('java/util/ArrayList')}
  0x0000020010430e10: 5424 2048 | bad0 890b | 1c00 0200 | 0066 6690 

  0x0000020010430e20: ;   {runtime_call _new_instance_Java}
  0x0000020010430e20: c5f8 77e8 

  0x0000020010430e24: ; ImmutableOopMap {[32]=Oop [48]=Oop [72]=Oop [80]=Oop [88]=Oop [96]=Oop [104]=NarrowOop [112]=Oop [136]=Oop [144]=NarrowOop }
                      ;*new {reexecute=0 rethrow=0 return_oop=1}
                      ; - java.security.CodeSource::getCertificates@25
                      ; - java.lang.ClassLoader::checkCerts@34
                      ; - java.lang.ClassLoader::preDefineClass@113
                      ; - java.lang.ClassLoader::defineClass@4
  0x0000020010430e24: 58ff 79ff 

  0x0000020010430e28: ;   {other}
  0x0000020010430e28: 0f1f 8400 | 1832 0052 | 4c8b 5424 | 204c 8954 | 2428 488b | 7424 484c | 8b6c 2450 | 488b 5c24 
  0x0000020010430e48: 6044 8b5c | 2468 4c8b | 4424 70e9 | 3bed ffff | 4889 4c24 | 704c 8944 | 2468 4889 | 5c24 6044 
  0x0000020010430e68: 8b94 2490 | 0000 0044 | 8954 2444 | 4c89 6c24 | 5048 8974 | 2448 4c8b | 5424 284c | 8954 2420 
  0x0000020010430e88: 488b ac24 | 8800 0000 

  0x0000020010430e90: ;   {metadata('java/security/cert/Certificate'[])}
  0x0000020010430e90: 48ba 2029 | 101c 0002 | 0000 448b | 4424 4090 

  0x0000020010430ea0: ;   {runtime_call _new_array_Java}
  0x0000020010430ea0: c5f8 77e8 

  0x0000020010430ea4: ; ImmutableOopMap {rbp=Oop [32]=Oop [48]=Oop [68]=NarrowOop [72]=Oop [80]=Oop [88]=Oop [96]=Oop [104]=Oop [112]=Oop [136]=Oop }
                      ;*anewarray {reexecute=0 rethrow=0 return_oop=1}
                      ; - java.security.CodeSource::getCertificates@70
                      ; - java.lang.ClassLoader::checkCerts@34
                      ; - java.lang.ClassLoader::preDefineClass@113
                      ; - java.lang.ClassLoader::defineClass@4
  0x0000020010430ea4: d8fb 79ff 

  0x0000020010430ea8: ;   {other}
  0x0000020010430ea8: 0f1f 8400 | 9832 0053 | e951 eeff | ff4c 895c | 2468 4889 

  0x0000020010430ebc: ;   {metadata('java/security/cert/Certificate'[])}
  0x0000020010430ebc: 4c24 2848 | ba20 2910 | 1c00 0200 | 0045 8bc1 

  0x0000020010430ecc: ;   {runtime_call _new_array_Java}
  0x0000020010430ecc: c5f8 77e8 

  0x0000020010430ed0: ; ImmutableOopMap {rbp=Oop [32]=Oop [40]=Oop [48]=Oop [72]=Oop [80]=Oop [88]=Oop [96]=Oop }
                      ;*invokevirtual clone {reexecute=1 rethrow=0 return_oop=1}
                      ; - (reexecute) java.security.CodeSource::getCertificates@86
                      ; - java.lang.ClassLoader::checkCerts@34
                      ; - java.lang.ClassLoader::preDefineClass@113
                      ; - java.lang.ClassLoader::defineClass@4
  0x0000020010430ed0: acfb 79ff 

  0x0000020010430ed4: ;   {other}
  0x0000020010430ed4: 0f1f 8400 | c432 0054 | 488b 4c24 | 284c 8b5c | 2468 488b | d8e9 dcee | ffff 4889 | 4c24 4844 
  0x0000020010430ef4: 894c 2438 | 4489 5424 | 2444 8b5c | 2440 4489 | 5c24 2048 | 8b6c 2428 

  0x0000020010430f0c: ;   {metadata('java/util/ArrayList')}
  0x0000020010430f0c: 48ba d089 | 0b1c 0002 | 0000 6690 

  0x0000020010430f18: ;   {runtime_call _new_instance_Java}
  0x0000020010430f18: c5f8 77e8 

  0x0000020010430f1c: ; ImmutableOopMap {rbp=Oop [36]=NarrowOop [56]=NarrowOop [72]=Oop [120]=Oop }
                      ;*new {reexecute=0 rethrow=0 return_oop=1}
                      ; - java.security.CodeSource::getCertificates@25
                      ; - java.lang.ClassLoader::postDefineClass@24
                      ; - java.lang.ClassLoader::defineClass@37
  0x0000020010430f1c: 60fe 79ff 

  0x0000020010430f20: ;   {other}
  0x0000020010430f20: 0f1f 8400 | 1033 0055 | 4889 6c24 | 2844 8b54 | 2420 4489 | 5424 4044 | 8b54 2424 | 448b 4c24 
  0x0000020010430f40: 3848 8b4c | 2448 e977 | efff ff4c | 8944 2448 | 488b e944 | 8954 2438 | 4c8b 5424 | 784c 8954 
  0x0000020010430f60: 2430 4c8b | 5c24 284c | 895c 2420 

  0x0000020010430f6c: ;   {metadata('java/security/cert/Certificate'[])}
  0x0000020010430f6c: 48ba 2029 | 101c 0002 | 0000 448b | 4424 4090 

  0x0000020010430f7c: ;   {runtime_call _new_array_Java}
  0x0000020010430f7c: c5f8 77e8 

  0x0000020010430f80: ; ImmutableOopMap {rbp=Oop [32]=Oop [48]=Oop [56]=NarrowOop [72]=Oop [120]=Oop }
                      ;*anewarray {reexecute=0 rethrow=0 return_oop=1}
                      ; - java.security.CodeSource::getCertificates@70
                      ; - java.lang.ClassLoader::postDefineClass@24
                      ; - java.lang.ClassLoader::defineClass@37
  0x0000020010430f80: fcfa 79ff 

  0x0000020010430f84: ;   {other}
  0x0000020010430f84: 0f1f 8400 | 7433 0056 | e975 f0ff 

  0x0000020010430f90: ;   {metadata('java/security/cert/Certificate'[])}
  0x0000020010430f90: ff48 ba20 | 2910 1c00 | 0200 0045 | 8bc2 6690 

  0x0000020010430fa0: ;   {runtime_call _new_array_Java}
  0x0000020010430fa0: c5f8 77e8 

  0x0000020010430fa4: ; ImmutableOopMap {[32]=Oop [48]=Oop [64]=Oop }
                      ;*invokevirtual clone {reexecute=1 rethrow=0 return_oop=1}
                      ; - (reexecute) java.security.CodeSource::getCertificates@86
                      ; - java.lang.ClassLoader::postDefineClass@24
                      ; - java.lang.ClassLoader::defineClass@37
  0x0000020010430fa4: d8fa 79ff 

  0x0000020010430fa8: ;   {other}
  0x0000020010430fa8: 0f1f 8400 | 9833 0057 | 488b d8e9 | 1af1 ffff | ba37 0100 | 0049 8beb | 4c8b 9424 | 8800 0000 
  0x0000020010430fc8: 4c89 5424 | 204c 8b54 | 2430 4c89 | 5424 2844 | 8b54 2438 | 4489 5424 | 3044 8b5c | 243c 4489 
  0x0000020010430fe8: 5c24 3490 

  0x0000020010430fec: ;   {runtime_call UncommonTrapBlob}
  0x0000020010430fec: c5f8 77e8 

  0x0000020010430ff0: ; ImmutableOopMap {rbp=Oop [32]=Oop [40]=Oop }
                      ;*new {reexecute=0 rethrow=0 return_oop=0}
                      ; - java.lang.ClassLoader::preDefineClass@56
                      ; - java.lang.ClassLoader::defineClass@4
  0x0000020010430ff0: 0c5d 78ff 

  0x0000020010430ff4: ;   {other}
  0x0000020010430ff4: 0f1f 8400 | e433 0058 | bae4 ffff | ff48 8b6c | 2428 4c8b | 5424 304c | 8954 2428 | 448b 4424 
  0x0000020010431014: 3844 8944 | 2430 448b | 5424 3c44 | 8954 2434 | 4c8b 5424 | 584c 8954 | 2438 4889 | 7424 404c 
  0x0000020010431034: 896c 2448 | 4889 5c24 | 5048 894c | 2468 4489 | 5c24 7044 | 894c 2474 

  0x000002001043104c: ;   {runtime_call UncommonTrapBlob}
  0x000002001043104c: c5f8 77e8 

  0x0000020010431050: ; ImmutableOopMap {rbp=Oop [40]=Oop [56]=Oop [64]=Oop [72]=Oop [80]=Oop [104]=Oop [112]=NarrowOop [136]=Oop [144]=NarrowOop }
                      ;*aaload {reexecute=0 rethrow=0 return_oop=0}
                      ; - java.security.CodeSource::getCertificates@50
                      ; - java.lang.ClassLoader::checkCerts@34
                      ; - java.lang.ClassLoader::preDefineClass@113
                      ; - java.lang.ClassLoader::defineClass@4
  0x0000020010431050: ac5c 78ff 

  0x0000020010431054: ;   {other}
  0x0000020010431054: 0f1f 8400 | 4434 0059 | bae4 ffff | ff48 8b4c | 2428 4889 | 4c24 2044 | 8954 2430 | 4c89 4424 
  0x0000020010431074: 4044 894c | 2448 4489 | 5c24 4c90 

  0x0000020010431080: ;   {runtime_call UncommonTrapBlob}
  0x0000020010431080: c5f8 77e8 

  0x0000020010431084: ; ImmutableOopMap {[32]=Oop [48]=NarrowOop [64]=Oop [72]=NarrowOop [120]=Oop }
                      ;*aaload {reexecute=0 rethrow=0 return_oop=0}
                      ; - java.security.CodeSource::getCertificates@50
                      ; - java.lang.ClassLoader::postDefineClass@24
                      ; - java.lang.ClassLoader::defineClass@37
  0x0000020010431084: 785c 78ff 

  0x0000020010431088: ;   {other}
  0x0000020010431088: 0f1f 8400 | 7834 005a | 4c8b 5424 | 584c 8954 | 2450 4889 | 4424 58ba | deff ffff 

  0x00000200104310a4: ;   {runtime_call UncommonTrapBlob}
  0x00000200104310a4: c5f8 77e8 

  0x00000200104310a8: ; ImmutableOopMap {rbp=Oop [32]=Oop [40]=Oop [48]=Oop [72]=Oop [80]=Oop [88]=Oop [136]=Oop }
                      ;*checkcast {reexecute=0 rethrow=0 return_oop=0}
                      ; - java.lang.ClassLoader::checkCerts@65
                      ; - java.lang.ClassLoader::preDefineClass@113
                      ; - java.lang.ClassLoader::defineClass@4
  0x00000200104310a8: 545c 78ff 

  0x00000200104310ac: ;   {other}
  0x00000200104310ac: 0f1f 8400 | 9c34 005b | 488b 6c24 | 2848 8b4c | 2458 4889 | 4c24 404c | 8974 2458 | 4489 6c24 
  0x00000200104310cc: 6044 895c | 2464 4889 | 5424 7044 | 894c 246c | 4489 4424 | 7844 8954 | 247c 4489 | 9424 8000 
  0x00000200104310ec: 0000 ba66 | ffff ff90 

  0x00000200104310f4: ;   {runtime_call UncommonTrapBlob}
  0x00000200104310f4: c5f8 77e8 

  0x00000200104310f8: ; ImmutableOopMap {rbp=Oop [32]=Oop [48]=Oop [64]=Oop [88]=Oop [112]=Oop [120]=NarrowOop [124]=NarrowOop [128]=NarrowOop [136]=Oop }
                      ;*instanceof {reexecute=0 rethrow=0 return_oop=0}
                      ; - sun.security.x509.X509CertImpl::getEncodedInternal@1
                      ; - java.security.cert.Certificate::equals@17
                      ; - java.lang.ClassLoader::compareCerts@81
                      ; - java.lang.ClassLoader::checkCerts@80
                      ; - java.lang.ClassLoader::preDefineClass@113
                      ; - java.lang.ClassLoader::defineClass@4
  0x00000200104310f8: 045c 78ff 

  0x00000200104310fc: ;   {other}
  0x00000200104310fc: 0f1f 8400 | ec34 005c | 4c8b 5424 | 584c 8954 | 2448 4889 | 5424 5844 | 894c 2460 | 4489 5c24 
  0x000002001043111c: 644c 8974 | 2470 4489 | 6c24 6c44 | 8944 2478 | 4489 4424 | 7cba 66ff | ffff 6690 

  0x0000020010431138: ;   {runtime_call UncommonTrapBlob}
  0x0000020010431138: c5f8 77e8 

  0x000002001043113c: ; ImmutableOopMap {rbp=NarrowOop [32]=Oop [40]=Oop [48]=Oop [72]=Oop [88]=Oop [112]=Oop [120]=NarrowOop [124]=NarrowOop [136]=Oop }
                      ;*instanceof {reexecute=0 rethrow=0 return_oop=0}
                      ; - sun.security.x509.X509CertImpl::getEncodedInternal@1
                      ; - java.security.cert.Certificate::equals@17
                      ; - java.lang.ClassLoader::compareCerts@166
                      ; - java.lang.ClassLoader::checkCerts@80
                      ; - java.lang.ClassLoader::preDefineClass@113
                      ; - java.lang.ClassLoader::defineClass@4
  0x000002001043113c: c05b 78ff 

  0x0000020010431140: ;   {other}
  0x0000020010431140: 0f1f 8400 | 3035 005d | 4533 c048 | 8b4c 2458 | 4889 4c24 | 484c 8974 | 2460 4489 | 6c24 6844 
  0x0000020010431160: 895c 246c | 4489 5424 | 7048 8954 | 2478 4489 | 4c24 7444 | 8984 2480 | 0000 00c5 | fa11 8c24 
  0x0000020010431180: 8400 0000 | ba66 ffff | ff66 6690 

  0x000002001043118c: ;   {runtime_call UncommonTrapBlob}
  0x000002001043118c: c5f8 77e8 

  0x0000020010431190: ; ImmutableOopMap {rbp=Oop [32]=Oop [40]=Oop [48]=Oop [72]=Oop [96]=Oop [112]=NarrowOop [120]=Oop [132]=NarrowOop [136]=Oop }
                      ;*instanceof {reexecute=0 rethrow=0 return_oop=0}
                      ; - sun.security.x509.X509CertImpl::getEncodedInternal@1
                      ; - java.security.cert.Certificate::equals@25
                      ; - java.lang.ClassLoader::compareCerts@81
                      ; - java.lang.ClassLoader::checkCerts@80
                      ; - java.lang.ClassLoader::preDefineClass@113
                      ; - java.lang.ClassLoader::defineClass@4
  0x0000020010431190: 6c5b 78ff 

  0x0000020010431194: ;   {other}
  0x0000020010431194: 0f1f 8400 | 8435 005e | 4533 d248 | 8b6c 2428 | 488b 5c24 | 5848 895c | 2440 4889 | 5424 5044 
  0x00000200104311b4: 894c 2458 | 4489 5c24 | 5c44 8944 | 2460 4c89 | 7424 6844 | 896c 2464 | 4489 5424 | 70c5 fa11 
  0x00000200104311d4: 4424 7448 | 898c 2480 | 0000 00ba | 66ff ffff 

  0x00000200104311e4: ;   {runtime_call UncommonTrapBlob}
  0x00000200104311e4: c5f8 77e8 

  0x00000200104311e8: ; ImmutableOopMap {rbp=Oop [32]=Oop [48]=Oop [64]=Oop [80]=Oop [96]=NarrowOop [104]=Oop [116]=NarrowOop [128]=Oop [136]=Oop }
                      ;*instanceof {reexecute=0 rethrow=0 return_oop=0}
                      ; - sun.security.x509.X509CertImpl::getEncodedInternal@1
                      ; - java.security.cert.Certificate::equals@25
                      ; - java.lang.ClassLoader::compareCerts@166
                      ; - java.lang.ClassLoader::checkCerts@80
                      ; - java.lang.ClassLoader::preDefineClass@113
                      ; - java.lang.ClassLoader::defineClass@4
  0x00000200104311e8: 145b 78ff 

  0x00000200104311ec: ;   {other}
  0x00000200104311ec: 0f1f 8400 | dc35 005f | bade ffff | ff48 8b6c | 2430 448b | 4424 3844 | 8944 2434 | 4889 4424 
  0x000002001043120c: 3866 6690 

  0x0000020010431210: ;   {runtime_call UncommonTrapBlob}
  0x0000020010431210: c5f8 77e8 

  0x0000020010431214: ; ImmutableOopMap {rbp=Oop [32]=Oop [52]=NarrowOop [56]=Oop }
                      ;*checkcast {reexecute=0 rethrow=0 return_oop=0}
                      ; - java.security.CodeSource::getCertificates@76
                      ; - java.lang.ClassLoader::postDefineClass@24
                      ; - java.lang.ClassLoader::defineClass@37
  0x0000020010431214: e85a 78ff 

  0x0000020010431218: ;   {other}
  0x0000020010431218: 0f1f 8400 | 0836 0060 | bade ffff | ff4c 8b54 | 2430 4c89 | 5424 2844 | 8b5c 2438 | 4489 5c24 
  0x0000020010431238: 3044 8b54 | 243c 4489 | 5424 344c | 8b54 2458 | 4c89 5424 | 384c 8b54 | 2460 4c89 | 5424 5848 
  0x0000020010431258: 8944 2460 

  0x000002001043125c: ;   {runtime_call UncommonTrapBlob}
  0x000002001043125c: c5f8 77e8 

  0x0000020010431260: ; ImmutableOopMap {rbp=Oop [32]=Oop [40]=Oop [56]=Oop [68]=NarrowOop [72]=Oop [80]=Oop [88]=Oop [96]=Oop }
                      ;*checkcast {reexecute=0 rethrow=0 return_oop=0}
                      ; - java.security.CodeSource::getCertificates@76
                      ; - java.lang.ClassLoader::checkCerts@34
                      ; - java.lang.ClassLoader::preDefineClass@113
                      ; - java.lang.ClassLoader::defineClass@4
  0x0000020010431260: 9c5a 78ff 

  0x0000020010431264: ;   {other}
  0x0000020010431264: 0f1f 8400 | 5436 0061 | bade ffff | ff48 8b4c | 2458 4889 | 4c24 3844 | 894c 2450 | 4c89 5c24 
  0x0000020010431284: 5844 8944 | 2454 4489 | 5424 604c | 895c 2468 

  0x0000020010431294: ;   {runtime_call UncommonTrapBlob}
  0x0000020010431294: c5f8 77e8 

  0x0000020010431298: ; ImmutableOopMap {rbp=NarrowOop [40]=Oop [56]=Oop [80]=NarrowOop [84]=NarrowOop [88]=Oop [104]=Oop [120]=Oop }
                      ;*instanceof {reexecute=0 rethrow=0 return_oop=0}
                      ; - java.lang.String::equals@8
                      ; - java.util.concurrent.ConcurrentHashMap::get@73
                      ; - java.lang.ClassLoader::getNamedPackage@5
                      ; - java.lang.ClassLoader::postDefineClass@9
                      ; - java.lang.ClassLoader::defineClass@37
  0x0000020010431298: 645a 78ff 

  0x000002001043129c: ;   {other}
  0x000002001043129c: 0f1f 8400 | 8c36 0062 | baf6 ffff | ff66 6690 

  0x00000200104312ac: ;   {runtime_call UncommonTrapBlob}
  0x00000200104312ac: c5f8 77e8 

  0x00000200104312b0: ; ImmutableOopMap {}
                      ;*invokevirtual getCodeSource {reexecute=0 rethrow=0 return_oop=0}
                      ; - java.lang.ClassLoader::defineClassSourceLocation@1
                      ; - java.lang.ClassLoader::defineClass@12
  0x00000200104312b0: 4c5a 78ff 

  0x00000200104312b4: ;   {other}
  0x00000200104312b4: 0f1f 8400 | a436 0063 | baf6 ffff | ff66 6690 

  0x00000200104312c4: ;   {runtime_call UncommonTrapBlob}
  0x00000200104312c4: c5f8 77e8 

  0x00000200104312c8: ; ImmutableOopMap {}
                      ;*invokevirtual getPackageName {reexecute=0 rethrow=0 return_oop=0}
                      ; - java.lang.ClassLoader::postDefineClass@2
                      ; - java.lang.ClassLoader::defineClass@37
  0x00000200104312c8: 345a 78ff 

  0x00000200104312cc: ;   {other}
  0x00000200104312cc: 0f1f 8400 | bc36 0064 | baf6 ffff | ff66 6690 

  0x00000200104312dc: ;   {runtime_call UncommonTrapBlob}
  0x00000200104312dc: c5f8 77e8 

  0x00000200104312e0: ; ImmutableOopMap {}
                      ;*invokevirtual hashCode {reexecute=0 rethrow=0 return_oop=0}
                      ; - java.util.concurrent.ConcurrentHashMap::get@1
                      ; - java.lang.ClassLoader::getNamedPackage@5
                      ; - java.lang.ClassLoader::postDefineClass@9
                      ; - java.lang.ClassLoader::defineClass@37
  0x00000200104312e0: 1c5a 78ff 

  0x00000200104312e4: ;   {other}
  0x00000200104312e4: 0f1f 8400 | d436 0065 | baf6 ffff | ff66 6690 

  0x00000200104312f4: ;   {runtime_call UncommonTrapBlob}
  0x00000200104312f4: c5f8 77e8 

  0x00000200104312f8: ; ImmutableOopMap {}
                      ;*arraylength {reexecute=0 rethrow=0 return_oop=0}
                      ; - java.lang.String::isEmpty@4
                      ; - java.lang.ClassLoader::checkName@5
                      ; - java.lang.ClassLoader::preDefineClass@1
                      ; - java.lang.ClassLoader::defineClass@4
  0x00000200104312f8: 045a 78ff 

  0x00000200104312fc: ;   {other}
  0x00000200104312fc: 0f1f 8400 | ec36 0066 | baf6 ffff | ff66 6690 

  0x000002001043130c: ;   {runtime_call UncommonTrapBlob}
  0x000002001043130c: c5f8 77e8 

  0x0000020010431310: ; ImmutableOopMap {}
                      ;*arraylength {reexecute=0 rethrow=0 return_oop=0}
                      ; - java.lang.StringLatin1::charAt@2
                      ; - java.lang.String::charAt@12
                      ; - java.lang.ClassLoader::checkName@25
                      ; - java.lang.ClassLoader::preDefineClass@1
                      ; - java.lang.ClassLoader::defineClass@4
  0x0000020010431310: ec59 78ff 

  0x0000020010431314: ;   {other}
  0x0000020010431314: 0f1f 8400 | 0437 0067 | baf6 ffff | ff66 6690 

  0x0000020010431324: ;   {runtime_call UncommonTrapBlob}
  0x0000020010431324: c5f8 77e8 

  0x0000020010431328: ; ImmutableOopMap {}
                      ;*arraylength {reexecute=0 rethrow=0 return_oop=0}
                      ; - java.lang.String::length@4
                      ; - java.lang.String::startsWith@6
                      ; - java.lang.String::startsWith@3
                      ; - java.lang.ClassLoader::preDefineClass@43
                      ; - java.lang.ClassLoader::defineClass@4
  0x0000020010431328: d459 78ff 

  0x000002001043132c: ;   {other}
  0x000002001043132c: 0f1f 8400 | 1c37 0068 | baf6 ffff | ff66 6690 

  0x000002001043133c: ;   {runtime_call UncommonTrapBlob}
  0x000002001043133c: c5f8 77e8 

  0x0000020010431340: ; ImmutableOopMap {}
                      ;*invokevirtual getCodeSource {reexecute=0 rethrow=0 return_oop=0}
                      ; - java.lang.ClassLoader::preDefineClass@110
                      ; - java.lang.ClassLoader::defineClass@4
  0x0000020010431340: bc59 78ff 

  0x0000020010431344: ;   {other}
  0x0000020010431344: 0f1f 8400 | 3437 0069 | baf6 ffff | ff66 6690 

  0x0000020010431354: ;   {runtime_call UncommonTrapBlob}
  0x0000020010431354: c5f8 77e8 

  0x0000020010431358: ; ImmutableOopMap {}
                      ;*arraylength {reexecute=0 rethrow=0 return_oop=0}
                      ; - java.lang.String::length@4
                      ; - java.lang.String::lastIndexOf@3
                      ; - java.lang.ClassLoader::checkCerts@3
                      ; - java.lang.ClassLoader::preDefineClass@113
                      ; - java.lang.ClassLoader::defineClass@4
  0x0000020010431358: a459 78ff 

  0x000002001043135c: ;   {other}
  0x000002001043135c: 0f1f 8400 | 4c37 006a | baf6 ffff | ff66 6690 

  0x000002001043136c: ;   {runtime_call UncommonTrapBlob}
  0x000002001043136c: c5f8 77e8 

  0x0000020010431370: ; ImmutableOopMap {rbp=NarrowOop }
                      ;*invokevirtual toExternalForm {reexecute=0 rethrow=0 return_oop=0}
                      ; - java.net.URL::toExternalForm@5
                      ; - java.net.URL::toString@1
                      ; - java.lang.ClassLoader::defineClassSourceLocation@22
                      ; - java.lang.ClassLoader::defineClass@12
  0x0000020010431370: 8c59 78ff 

  0x0000020010431374: ;   {other}
  0x0000020010431374: 0f1f 8400 | 6437 006b | ba45 ffff | ff48 8b6c | 2428 4c8b | 5424 304c | 8954 2428 | 448b 5424 
  0x0000020010431394: 3844 8954 | 2430 448b | 4424 3c44 | 8944 2434 | 4489 5c24 | 4466 6690 

  0x00000200104313ac: ;   {runtime_call UncommonTrapBlob}
  0x00000200104313ac: c5f8 77e8 

  0x00000200104313b0: ; ImmutableOopMap {rbp=Oop [40]=Oop [68]=NarrowOop [88]=Oop [136]=Oop }
                      ;*ifnull {reexecute=1 rethrow=0 return_oop=0}
                      ; - (reexecute) java.lang.ClassLoader::defineClassSourceLocation@8
                      ; - java.lang.ClassLoader::defineClass@12
  0x00000200104313b0: 4c59 78ff 

  0x00000200104313b4: ;   {other}
  0x00000200104313b4: 0f1f 8400 | a437 006c | 4d85 d244 | 8b54 2440 | 410f 94c2 | ba45 ffff | ff48 8944 | 2430 4889 
  0x00000200104313d4: 4424 4044 | 8954 2448 

  0x00000200104313dc: ;   {runtime_call UncommonTrapBlob}
  0x00000200104313dc: c5f8 77e8 

  0x00000200104313e0: ; ImmutableOopMap {[40]=Oop [48]=Oop [64]=Oop [88]=Oop }
                      ;*ifeq {reexecute=1 rethrow=0 return_oop=0}
                      ; - (reexecute) java.lang.Class::getPackageName@29
                      ; - java.lang.ClassLoader::postDefineClass@2
                      ; - java.lang.ClassLoader::defineClass@37
  0x00000200104313e0: 1c59 78ff 

  0x00000200104313e4: ;   {other}
  0x00000200104313e4: 0f1f 8400 | d437 006d | baf6 ffff | ff66 6690 

  0x00000200104313f4: ;   {runtime_call UncommonTrapBlob}
  0x00000200104313f4: c5f8 77e8 

  0x00000200104313f8: ; ImmutableOopMap {}
                      ;*arraylength {reexecute=0 rethrow=0 return_oop=0}
                      ; - java.lang.String::length@4
                      ; - java.lang.String::lastIndexOf@3
                      ; - java.lang.Class::getPackageName@47
                      ; - java.lang.ClassLoader::postDefineClass@2
                      ; - java.lang.ClassLoader::defineClass@37
  0x00000200104313f8: 0459 78ff 

  0x00000200104313fc: ;   {other}
  0x00000200104313fc: 0f1f 8400 | ec37 006e | ba45 ffff | ff48 8b6c | 2428 4c8b | 5424 304c | 8954 2428 | 448b 5424 
  0x000002001043141c: 3844 8954 | 2430 448b | 5c24 3c44 | 895c 2434 | 4c8b 5424 | 584c 8954 | 2438 4889 | 7424 404c 
  0x000002001043143c: 896c 2448 | 4889 5c24 | 5866 6690 

  0x0000020010431448: ;   {runtime_call UncommonTrapBlob}
  0x0000020010431448: c5f8 77e8 

  0x000002001043144c: ; ImmutableOopMap {rbp=Oop [40]=Oop [56]=Oop [64]=Oop [72]=Oop [88]=Oop [136]=Oop [144]=NarrowOop }
                      ;*ifnull {reexecute=1 rethrow=0 return_oop=0}
                      ; - (reexecute) java.lang.ClassLoader::checkCerts@30
                      ; - java.lang.ClassLoader::preDefineClass@113
                      ; - java.lang.ClassLoader::defineClass@4
  0x000002001043144c: b058 78ff 

  0x0000020010431450: ;   {other}
  0x0000020010431450: 0f1f 8400 | 4038 006f | ba45 ffff | ff44 8954 | 2420 6690 

  0x0000020010431464: ;   {runtime_call UncommonTrapBlob}
  0x0000020010431464: c5f8 77e8 

  0x0000020010431468: ; ImmutableOopMap {[32]=NarrowOop [120]=Oop }
                      ;*ifnull {reexecute=1 rethrow=0 return_oop=0}
                      ; - (reexecute) java.lang.ClassLoader::postDefineClass@17
                      ; - java.lang.ClassLoader::defineClass@37
  0x0000020010431468: 9458 78ff 

  0x000002001043146c: ;   {other}
  0x000002001043146c: 0f1f 8400 | 5c38 0070 | 488b 6c24 | 284c 8b44 | 2458 4c89 | 4424 404c | 8974 2458 | 4489 6c24 
  0x000002001043148c: 6044 895c | 2464 4489 | 5424 6848 | 8954 2470 | 4489 4c24 | 78ba 76ff | ffff 6690 

  0x00000200104314a8: ;   {runtime_call UncommonTrapBlob}
  0x00000200104314a8: c5f8 77e8 

  0x00000200104314ac: ; ImmutableOopMap {rbp=Oop [32]=Oop [48]=Oop [64]=Oop [88]=Oop [104]=NarrowOop [112]=Oop [136]=Oop }
                      ;*if_icmpge {reexecute=1 rethrow=0 return_oop=0}
                      ; - (reexecute) java.lang.ClassLoader::compareCerts@67
                      ; - java.lang.ClassLoader::checkCerts@80
                      ; - java.lang.ClassLoader::preDefineClass@113
                      ; - java.lang.ClassLoader::defineClass@4
  0x00000200104314ac: 5058 78ff 

  0x00000200104314b0: ;   {other}
  0x00000200104314b0: 0f1f 8400 | a038 0071 | 488b 6c24 | 284c 8b54 | 2458 4c89 | 5424 4048 | 8954 2450 | 4489 4c24 
  0x00000200104314d0: 5844 895c | 245c 4489 | 4424 604c | 8974 2468 | 4489 6c24 | 70ba 76ff | ffff 6690 

  0x00000200104314ec: ;   {runtime_call UncommonTrapBlob}
  0x00000200104314ec: c5f8 77e8 

  0x00000200104314f0: ; ImmutableOopMap {rbp=Oop [32]=Oop [48]=Oop [64]=Oop [80]=Oop [96]=NarrowOop [104]=Oop [136]=Oop }
                      ;*if_icmpge {reexecute=1 rethrow=0 return_oop=0}
                      ; - (reexecute) java.lang.ClassLoader::compareCerts@152
                      ; - java.lang.ClassLoader::checkCerts@80
                      ; - java.lang.ClassLoader::preDefineClass@113
                      ; - java.lang.ClassLoader::defineClass@4
  0x00000200104314f0: 0c58 78ff 

  0x00000200104314f4: ;   {other}
  0x00000200104314f4: 0f1f 8400 | e438 0072 | ba45 ffff | ff48 8b4c | 2458 4889 | 4c24 3844 | 894c 2450 | 4c89 5c24 
  0x0000020010431514: 5844 8944 | 2454 4489 | 5424 6090 

  0x0000020010431520: ;   {runtime_call UncommonTrapBlob}
  0x0000020010431520: c5f8 77e8 

  0x0000020010431524: ; ImmutableOopMap {rbp=NarrowOop [40]=Oop [56]=Oop [80]=NarrowOop [84]=NarrowOop [88]=Oop [120]=Oop }
                      ;*ifnull {reexecute=1 rethrow=0 return_oop=0}
                      ; - (reexecute) java.util.concurrent.ConcurrentHashMap::get@67
                      ; - java.lang.ClassLoader::getNamedPackage@5
                      ; - java.lang.ClassLoader::postDefineClass@9
                      ; - java.lang.ClassLoader::defineClass@37
  0x0000020010431524: d857 78ff 

  0x0000020010431528: ;   {other}
  0x0000020010431528: 0f1f 8400 | 1839 0073 | 4533 c048 | 8b6c 2428 | 488b 4c24 | 5848 894c | 2440 4c89 | 7424 5844 
  0x0000020010431548: 896c 2460 | 4489 5c24 | 6448 8954 | 2470 4489 | 4c24 6c44 | 8944 2478 | 4489 5424 | 7cba f4ff 
  0x0000020010431568: ffff 6690 

  0x000002001043156c: ;   {runtime_call UncommonTrapBlob}
  0x000002001043156c: c5f8 77e8 

  0x0000020010431570: ; ImmutableOopMap {rbp=Oop [32]=Oop [48]=Oop [64]=Oop [88]=Oop [112]=Oop [124]=NarrowOop [136]=Oop }
                      ;*instanceof {reexecute=0 rethrow=0 return_oop=0}
                      ; - java.security.cert.Certificate::equals@8
                      ; - java.lang.ClassLoader::compareCerts@81
                      ; - java.lang.ClassLoader::checkCerts@80
                      ; - java.lang.ClassLoader::preDefineClass@113
                      ; - java.lang.ClassLoader::defineClass@4
  0x0000020010431570: 8c57 78ff 

  0x0000020010431574: ;   {other}
  0x0000020010431574: 0f1f 8400 | 6439 0074 | 4533 d248 | 8b6c 2428 | 488b 4c24 | 5848 894c | 2440 4889 | 5424 5044 
  0x0000020010431594: 894c 2458 | 4489 5c24 | 5c4c 8974 | 2468 4489 | 6c24 6444 | 8954 2470 | 4489 4424 | 74ba f4ff 
  0x00000200104315b4: ffff 6690 

  0x00000200104315b8: ;   {runtime_call UncommonTrapBlob}
  0x00000200104315b8: c5f8 77e8 

  0x00000200104315bc: ; ImmutableOopMap {rbp=Oop [32]=Oop [48]=Oop [64]=Oop [80]=Oop [104]=Oop [116]=NarrowOop [136]=Oop }
                      ;*instanceof {reexecute=0 rethrow=0 return_oop=0}
                      ; - java.security.cert.Certificate::equals@8
                      ; - java.lang.ClassLoader::compareCerts@166
                      ; - java.lang.ClassLoader::checkCerts@80
                      ; - java.lang.ClassLoader::preDefineClass@113
                      ; - java.lang.ClassLoader::defineClass@4
  0x00000200104315bc: 4057 78ff 

  0x00000200104315c0: ;   {other}
  0x00000200104315c0: 0f1f 8400 | b039 0075 | baf6 ffff | ff41 8be9 

  0x00000200104315d0: ;   {runtime_call UncommonTrapBlob}
  0x00000200104315d0: c5f8 77e8 

  0x00000200104315d4: ; ImmutableOopMap {}
                      ;*aaload {reexecute=0 rethrow=0 return_oop=0}
                      ; - java.security.CodeSource::getCertificates@50
                      ; - java.lang.ClassLoader::checkCerts@34
                      ; - java.lang.ClassLoader::preDefineClass@113
                      ; - java.lang.ClassLoader::defineClass@4
  0x00000200104315d4: 2857 78ff 

  0x00000200104315d8: ;   {other}
  0x00000200104315d8: 0f1f 8400 | c839 0076 | baf6 ffff | ff66 6690 

  0x00000200104315e8: ;   {runtime_call UncommonTrapBlob}
  0x00000200104315e8: c5f8 77e8 

  0x00000200104315ec: ; ImmutableOopMap {}
                      ;*invokevirtual getSignerCertPath {reexecute=0 rethrow=0 return_oop=0}
                      ; - java.security.CodeSource::getCertificates@51
                      ; - java.lang.ClassLoader::checkCerts@34
                      ; - java.lang.ClassLoader::preDefineClass@113
                      ; - java.lang.ClassLoader::defineClass@4
  0x00000200104315ec: 1057 78ff 

  0x00000200104315f0: ;   {other}
  0x00000200104315f0: 0f1f 8400 | e039 0077 | baf6 ffff | ff66 6690 

  0x0000020010431600: ;   {runtime_call UncommonTrapBlob}
  0x0000020010431600: c5f8 77e8 

  0x0000020010431604: ; ImmutableOopMap {}
                      ;*invokevirtual getCertificates {reexecute=0 rethrow=0 return_oop=0}
                      ; - java.security.CodeSource::getCertificates@54
                      ; - java.lang.ClassLoader::checkCerts@34
                      ; - java.lang.ClassLoader::preDefineClass@113
                      ; - java.lang.ClassLoader::defineClass@4
  0x0000020010431604: f856 78ff 

  0x0000020010431608: ;   {other}
  0x0000020010431608: 0f1f 8400 | f839 0078 | baf6 ffff | ff66 6690 

  0x0000020010431618: ;   {runtime_call UncommonTrapBlob}
  0x0000020010431618: c5f8 77e8 

  0x000002001043161c: ; ImmutableOopMap {}
                      ;*arraylength {reexecute=0 rethrow=0 return_oop=0}
                      ; - java.security.CodeSource::getCertificates@40
                      ; - java.lang.ClassLoader::checkCerts@34
                      ; - java.lang.ClassLoader::preDefineClass@113
                      ; - java.lang.ClassLoader::defineClass@4
  0x000002001043161c: e056 78ff 

  0x0000020010431620: ;   {other}
  0x0000020010431620: 0f1f 8400 | 103a 0079 | baf6 ffff | ff41 8beb 

  0x0000020010431630: ;   {runtime_call UncommonTrapBlob}
  0x0000020010431630: c5f8 77e8 

  0x0000020010431634: ; ImmutableOopMap {}
                      ;*aaload {reexecute=0 rethrow=0 return_oop=0}
                      ; - java.security.CodeSource::getCertificates@50
                      ; - java.lang.ClassLoader::postDefineClass@24
                      ; - java.lang.ClassLoader::defineClass@37
  0x0000020010431634: c856 78ff 

  0x0000020010431638: ;   {other}
  0x0000020010431638: 0f1f 8400 | 283a 007a | baf6 ffff | ff66 6690 

  0x0000020010431648: ;   {runtime_call UncommonTrapBlob}
  0x0000020010431648: c5f8 77e8 

  0x000002001043164c: ; ImmutableOopMap {}
                      ;*invokevirtual getSignerCertPath {reexecute=0 rethrow=0 return_oop=0}
                      ; - java.security.CodeSource::getCertificates@51
                      ; - java.lang.ClassLoader::postDefineClass@24
                      ; - java.lang.ClassLoader::defineClass@37
  0x000002001043164c: b056 78ff 

  0x0000020010431650: ;   {other}
  0x0000020010431650: 0f1f 8400 | 403a 007b | baf6 ffff | ff66 6690 

  0x0000020010431660: ;   {runtime_call UncommonTrapBlob}
  0x0000020010431660: c5f8 77e8 

  0x0000020010431664: ; ImmutableOopMap {}
                      ;*invokevirtual getCertificates {reexecute=0 rethrow=0 return_oop=0}
                      ; - java.security.CodeSource::getCertificates@54
                      ; - java.lang.ClassLoader::postDefineClass@24
                      ; - java.lang.ClassLoader::defineClass@37
  0x0000020010431664: 9856 78ff 

  0x0000020010431668: ;   {other}
  0x0000020010431668: 0f1f 8400 | 583a 007c | baf6 ffff | ff66 6690 

  0x0000020010431678: ;   {runtime_call UncommonTrapBlob}
  0x0000020010431678: c5f8 77e8 

  0x000002001043167c: ; ImmutableOopMap {}
                      ;*arraylength {reexecute=0 rethrow=0 return_oop=0}
                      ; - java.security.CodeSource::getCertificates@40
                      ; - java.lang.ClassLoader::postDefineClass@24
                      ; - java.lang.ClassLoader::defineClass@37
  0x000002001043167c: 8056 78ff 

  0x0000020010431680: ;   {other}
  0x0000020010431680: 0f1f 8400 | 703a 007d | ba97 ffff | ff8b 6c24 | 6066 6690 

  0x0000020010431694: ;   {runtime_call UncommonTrapBlob}
  0x0000020010431694: c5f8 77e8 

  0x0000020010431698: ; ImmutableOopMap {rbp=NarrowOop [32]=Oop [40]=Oop [48]=Oop [68]=NarrowOop [72]=Oop [80]=Oop [88]=Oop [104]=Oop }
                      ;*invokevirtual clone {reexecute=1 rethrow=0 return_oop=0}
                      ; - (reexecute) java.util.Arrays::copyOfRange@18
                      ; - java.lang.StringLatin1::newString@16
                      ; - java.lang.String::substring@41
                      ; - java.lang.ClassLoader::checkCerts@21
                      ; - java.lang.ClassLoader::preDefineClass@113
                      ; - java.lang.ClassLoader::defineClass@4
  0x0000020010431698: 6456 78ff 

  0x000002001043169c: ;   {other}
  0x000002001043169c: 0f1f 8400 | 8c3a 007e | baf4 ffff | ff4c 8b54 | 2430 4c89 | 5424 2844 | 8b5c 2438 | 4489 5c24 
  0x00000200104316bc: 3044 8b54 | 243c 4489 | 5424 344c | 8b54 2458 | 4c89 5424 | 3866 6690 

  0x00000200104316d4: ;   {runtime_call UncommonTrapBlob}
  0x00000200104316d4: c5f8 77e8 

  0x00000200104316d8: ; ImmutableOopMap {rbp=Oop [32]=Oop [40]=Oop [56]=Oop [68]=NarrowOop [72]=Oop [80]=Oop [96]=Oop }
                      ;*checkcast {reexecute=0 rethrow=0 return_oop=0}
                      ; - java.security.CodeSource::getCertificates@76
                      ; - java.lang.ClassLoader::checkCerts@34
                      ; - java.lang.ClassLoader::preDefineClass@113
                      ; - java.lang.ClassLoader::defineClass@4
  0x00000200104316d8: 2456 78ff 

  0x00000200104316dc: ;   {other}
  0x00000200104316dc: 0f1f 8400 | cc3a 007f | ba97 ffff | ff48 8b6c | 2428 4c8b | 5424 304c | 8954 2428 | 448b 5424 
  0x00000200104316fc: 3844 8954 | 2430 448b | 5c24 3c44 | 895c 2434 | 4c8b 5424 | 584c 8954 | 2438 6690 

  0x0000020010431718: ;   {runtime_call UncommonTrapBlob}
  0x0000020010431718: c5f8 77e8 

  0x000002001043171c: ; ImmutableOopMap {rbp=Oop [40]=Oop [56]=Oop [68]=NarrowOop [72]=Oop [80]=Oop [96]=Oop [136]=Oop }
                      ;*invokevirtual clone {reexecute=1 rethrow=0 return_oop=0}
                      ; - (reexecute) java.security.CodeSource::getCertificates@11
                      ; - java.lang.ClassLoader::checkCerts@34
                      ; - java.lang.ClassLoader::preDefineClass@113
                      ; - java.lang.ClassLoader::defineClass@4
  0x000002001043171c: e055 78ff 

  0x0000020010431720: ;   {other}
  0x0000020010431720: 0f1f 8400 | 103b 0080 | baf4 ffff | ff48 8b6c | 2430 6690 

  0x0000020010431734: ;   {runtime_call UncommonTrapBlob}
  0x0000020010431734: c5f8 77e8 

  0x0000020010431738: ; ImmutableOopMap {rbp=Oop [32]=Oop [56]=NarrowOop }
                      ;*checkcast {reexecute=0 rethrow=0 return_oop=0}
                      ; - java.security.CodeSource::getCertificates@76
                      ; - java.lang.ClassLoader::postDefineClass@24
                      ; - java.lang.ClassLoader::defineClass@37
  0x0000020010431738: c455 78ff 

  0x000002001043173c: ;   {other}
  0x000002001043173c: 0f1f 8400 | 2c3b 0081 | ba97 ffff | ff66 6690 

  0x000002001043174c: ;   {runtime_call UncommonTrapBlob}
  0x000002001043174c: c5f8 77e8 

  0x0000020010431750: ; ImmutableOopMap {[32]=Oop [56]=NarrowOop [120]=Oop }
                      ;*invokevirtual clone {reexecute=1 rethrow=0 return_oop=0}
                      ; - (reexecute) java.security.CodeSource::getCertificates@11
                      ; - java.lang.ClassLoader::postDefineClass@24
                      ; - java.lang.ClassLoader::defineClass@37
  0x0000020010431750: ac55 78ff 

  0x0000020010431754: ;   {other}
  0x0000020010431754: 0f1f 8400 | 443b 0082 | ba97 ffff | ff8b 6c24 | 4466 6690 

  0x0000020010431768: ;   {runtime_call UncommonTrapBlob}
  0x0000020010431768: c5f8 77e8 

  0x000002001043176c: ; ImmutableOopMap {rbp=NarrowOop [32]=Oop [40]=Oop [48]=Oop [72]=Oop }
                      ;*invokevirtual clone {reexecute=1 rethrow=0 return_oop=0}
                      ; - (reexecute) java.util.Arrays::copyOfRange@18
                      ; - java.lang.StringLatin1::newString@16
                      ; - java.lang.String::substring@41
                      ; - java.lang.Class::getPackageName@62
                      ; - java.lang.ClassLoader::postDefineClass@2
                      ; - java.lang.ClassLoader::defineClass@37
  0x000002001043176c: 9055 78ff 

  0x0000020010431770: ;   {other}
  0x0000020010431770: 0f1f 8400 | 603b 0083 | ba97 ffff | ff4c 8b54 | 2458 4c89 | 5424 4090 

  0x0000020010431788: ;   {runtime_call UncommonTrapBlob}
  0x0000020010431788: c5f8 77e8 

  0x000002001043178c: ; ImmutableOopMap {rbp=Oop [32]=Oop [40]=Oop [48]=Oop [64]=Oop [72]=Oop [80]=Oop [96]=Oop }
                      ;*invokevirtual clone {reexecute=1 rethrow=0 return_oop=0}
                      ; - (reexecute) java.security.CodeSource::getCertificates@86
                      ; - java.lang.ClassLoader::checkCerts@34
                      ; - java.lang.ClassLoader::preDefineClass@113
                      ; - java.lang.ClassLoader::defineClass@4
  0x000002001043178c: 7055 78ff 

  0x0000020010431790: ;   {other}
  0x0000020010431790: 0f1f 8400 | 803b 0084 | ba97 ffff | ff48 8b6c | 2430 6690 

  0x00000200104317a4: ;   {runtime_call UncommonTrapBlob}
  0x00000200104317a4: c5f8 77e8 

  0x00000200104317a8: ; ImmutableOopMap {rbp=Oop [32]=Oop [64]=Oop }
                      ;*invokevirtual clone {reexecute=1 rethrow=0 return_oop=0}
                      ; - (reexecute) java.security.CodeSource::getCertificates@86
                      ; - java.lang.ClassLoader::postDefineClass@24
                      ; - java.lang.ClassLoader::defineClass@37
  0x00000200104317a8: 5455 78ff 

  0x00000200104317ac: ;   {other}
  0x00000200104317ac: 0f1f 8400 | 9c3b 0085 | eb44 eb42 | eb40 eb3e | eb3c eb3a | eb38 eb36 | eb34 eb32 | eb30 eb2e 
  0x00000200104317cc: eb2c eb2a | eb28 eb26 | eb24 eb22 | eb20 eb1e | eb1c eb1a | eb18 eb16 | eb14 eb12 | eb10 eb0e 
  0x00000200104317ec: eb0c eb0a | eb08 eb06 | eb04 eb02 | eb00 488b | d0e9 13d7 

  0x0000020010431800: ;   {internal_word}
  0x0000020010431800: ffff 49ba | a9f0 4210 | 0002 0000 | 4d89 9768 

  0x0000020010431810: ;   {runtime_call SafepointBlob}
  0x0000020010431810: 0400 00e9 | 6843 78ff 

  0x0000020010431818: ;   {runtime_call StubRoutines (final stubs)}
  0x0000020010431818: e8e3 bf76 | ffe9 7cc9 | ffff f4f4 | f4f4 f4f4 
[Stub Code]
  0x0000020010431828: ;   {no_reloc}
  0x0000020010431828: 48bb 0000 | 0000 0000 

  0x0000020010431830: ;   {runtime_call nmethod}
  0x0000020010431830: 0000 e9fb 

  0x0000020010431834: ;   {static_stub}
  0x0000020010431834: ffff ff48 | bb00 0000 | 0000 0000 

  0x0000020010431840: ;   {runtime_call nmethod}
  0x0000020010431840: 00e9 fbff 

  0x0000020010431844: ;   {static_stub}
  0x0000020010431844: ffff 48bb | 0000 0000 | 0000 0000 

  0x0000020010431850: ;   {runtime_call nmethod}
  0x0000020010431850: e9fb ffff 

  0x0000020010431854: ;   {static_stub}
  0x0000020010431854: ff48 bb00 | 0000 0000 

  0x000002001043185c: ;   {runtime_call nmethod}
  0x000002001043185c: 0000 00e9 | fbff ffff 

  0x0000020010431864: ;   {static_stub}
  0x0000020010431864: 48bb 0000 | 0000 0000 

  0x000002001043186c: ;   {runtime_call nmethod}
  0x000002001043186c: 0000 e9fb 

  0x0000020010431870: ;   {static_stub}
  0x0000020010431870: ffff ff48 | bb00 0000 | 0000 0000 

  0x000002001043187c: ;   {runtime_call nmethod}
  0x000002001043187c: 00e9 fbff 

  0x0000020010431880: ;   {static_stub}
  0x0000020010431880: ffff 48bb | 0000 0000 | 0000 0000 

  0x000002001043188c: ;   {runtime_call nmethod}
  0x000002001043188c: e9fb ffff 

  0x0000020010431890: ;   {static_stub}
  0x0000020010431890: ff48 bb00 | 0000 0000 

  0x0000020010431898: ;   {runtime_call nmethod}
  0x0000020010431898: 0000 00e9 | fbff ffff 

  0x00000200104318a0: ;   {static_stub}
  0x00000200104318a0: 48bb 0000 | 0000 0000 

  0x00000200104318a8: ;   {runtime_call nmethod}
  0x00000200104318a8: 0000 e9fb 

  0x00000200104318ac: ;   {static_stub}
  0x00000200104318ac: ffff ff48 | bb00 0000 | 0000 0000 

  0x00000200104318b8: ;   {runtime_call nmethod}
  0x00000200104318b8: 00e9 fbff 

  0x00000200104318bc: ;   {static_stub}
  0x00000200104318bc: ffff 48bb | 0000 0000 | 0000 0000 

  0x00000200104318c8: ;   {runtime_call nmethod}
  0x00000200104318c8: e9fb ffff 

  0x00000200104318cc: ;   {static_stub}
  0x00000200104318cc: ff48 bb00 | 0000 0000 

  0x00000200104318d4: ;   {runtime_call nmethod}
  0x00000200104318d4: 0000 00e9 | fbff ffff 

  0x00000200104318dc: ;   {static_stub}
  0x00000200104318dc: 48bb 0000 | 0000 0000 

  0x00000200104318e4: ;   {runtime_call nmethod}
  0x00000200104318e4: 0000 e9fb 

  0x00000200104318e8: ;   {static_stub}
  0x00000200104318e8: ffff ff48 | bb00 0000 | 0000 0000 

  0x00000200104318f4: ;   {runtime_call nmethod}
  0x00000200104318f4: 00e9 fbff 

  0x00000200104318f8: ;   {static_stub}
  0x00000200104318f8: ffff 48bb | 0000 0000 | 0000 0000 

  0x0000020010431904: ;   {runtime_call nmethod}
  0x0000020010431904: e9fb ffff 

  0x0000020010431908: ;   {static_stub}
  0x0000020010431908: ff48 bb00 | 0000 0000 

  0x0000020010431910: ;   {runtime_call nmethod}
  0x0000020010431910: 0000 00e9 | fbff ffff 

  0x0000020010431918: ;   {static_stub}
  0x0000020010431918: 48bb 0000 | 0000 0000 

  0x0000020010431920: ;   {runtime_call nmethod}
  0x0000020010431920: 0000 e9fb 

  0x0000020010431924: ;   {static_stub}
  0x0000020010431924: ffff ff48 | bb00 0000 | 0000 0000 

  0x0000020010431930: ;   {runtime_call nmethod}
  0x0000020010431930: 00e9 fbff 

  0x0000020010431934: ;   {static_stub}
  0x0000020010431934: ffff 48bb | 0000 0000 | 0000 0000 

  0x0000020010431940: ;   {runtime_call nmethod}
  0x0000020010431940: e9fb ffff 

  0x0000020010431944: ;   {static_stub}
  0x0000020010431944: ff48 bb00 | 0000 0000 

  0x000002001043194c: ;   {runtime_call nmethod}
  0x000002001043194c: 0000 00e9 | fbff ffff 

  0x0000020010431954: ;   {static_stub}
  0x0000020010431954: 48bb 0000 | 0000 0000 

  0x000002001043195c: ;   {runtime_call nmethod}
  0x000002001043195c: 0000 e9fb 

  0x0000020010431960: ;   {static_stub}
  0x0000020010431960: ffff ff48 | bb00 0000 | 0000 0000 

  0x000002001043196c: ;   {runtime_call nmethod}
  0x000002001043196c: 00e9 fbff 

  0x0000020010431970: ;   {static_stub}
  0x0000020010431970: ffff 48bb | 0000 0000 | 0000 0000 

  0x000002001043197c: ;   {runtime_call nmethod}
  0x000002001043197c: e9fb ffff 

  0x0000020010431980: ;   {runtime_call ExceptionBlob}
  0x0000020010431980: ffe9 faf6 | 79ff e800 | 0000 0048 | 832c 2405 

  0x0000020010431990: ;   {runtime_call DeoptimizationBlob}
  0x0000020010431990: e98b 5678 | fff4 f4f4 
[/MachCode]


Compiled method (c1) 408469 2919   !   3       org.eclipse.osgi.internal.loader.ModuleClassLoader::defineClass (67 bytes)
 total in heap  [0x0000020008bf6690,0x0000020008bf7270] = 3040
 relocation     [0x0000020008bf67f0,0x0000020008bf6898] = 168
 main code      [0x0000020008bf68a0,0x0000020008bf6ea0] = 1536
 stub code      [0x0000020008bf6ea0,0x0000020008bf6f10] = 112
 oops           [0x0000020008bf6f10,0x0000020008bf6f18] = 8
 metadata       [0x0000020008bf6f18,0x0000020008bf6f58] = 64
 scopes data    [0x0000020008bf6f58,0x0000020008bf70a8] = 336
 scopes pcs     [0x0000020008bf70a8,0x0000020008bf71b8] = 272
 dependencies   [0x0000020008bf71b8,0x0000020008bf71d0] = 24
 handler table  [0x0000020008bf71d0,0x0000020008bf7248] = 120
 nul chk table  [0x0000020008bf7248,0x0000020008bf7270] = 40

[Constant Pool (empty)]

[MachCode]
[Entry Point]
  # {method} {0x000002005e5dfd38} 'defineClass' '(Ljava/lang/String;[BLorg/eclipse/osgi/internal/loader/classpath/ClasspathEntry;)Lorg/eclipse/osgi/internal/loader/ModuleClassLoader$DefineClassResult;' in 'org/eclipse/osgi/internal/loader/ModuleClassLoader'
  # this:     rdx:rdx   = 'org/eclipse/osgi/internal/loader/ModuleClassLoader'
  # parm0:    r8:r8     = 'java/lang/String'
  # parm1:    r9:r9     = '[B'
  # parm2:    rdi:rdi   = 'org/eclipse/osgi/internal/loader/classpath/ClasspathEntry'
  #           [sp+0xb0]  (sp of caller)
  0x0000020008bf68a0: 448b 5208 | 49bb 0000 | 001c 0002 | 0000 4d03 | d34c 3bd0 

  0x0000020008bf68b4: ;   {runtime_call ic_miss_stub}
  0x0000020008bf68b4: 0f85 c67d | fb06 660f | 1f44 0000 
[Verified Entry Point]
  0x0000020008bf68c0: 8984 2400 | 80ff ff55 | 4881 eca0 | 0000 0090 | 4181 7f20 | 0300 0000 

  0x0000020008bf68d8: ;   {runtime_call StubRoutines (final stubs)}
  0x0000020008bf68d8: 7405 e821 

  0x0000020008bf68dc: ;   {metadata(method data for {method} {0x000002005e5dfd38} 'defineClass' '(Ljava/lang/String;[BLorg/eclipse/osgi/internal/loader/classpath/ClasspathEntry;)Lorg/eclipse/osgi/internal/loader/ModuleClassLoader$DefineClassResult;' in 'org/eclipse/osgi/internal/loader/ModuleClassLoader')}
  0x0000020008bf68dc: 6ffa 0648 | be98 78c3 | 5e00 0200 | 008b 9ecc | 0000 0083 | c302 899e | cc00 0000 | 81e3 fe07 
  0x0000020008bf68fc: 0000 85db | 0f84 5304 | 0000 4889 | 7c24 704c | 894c 2468 

  0x0000020008bf6910: ;   {metadata(method data for {method} {0x000002005e5dfd38} 'defineClass' '(Ljava/lang/String;[BLorg/eclipse/osgi/internal/loader/classpath/ClasspathEntry;)Lorg/eclipse/osgi/internal/loader/ModuleClassLoader$DefineClassResult;' in 'org/eclipse/osgi/internal/loader/ModuleClassLoader')}
  0x0000020008bf6910: 488b f248 | bb98 78c3 | 5e00 0200 | 008b 7608 | 49ba 0000 | 001c 0002 | 0000 4903 | f248 3bb3 
  0x0000020008bf6930: 2001 0000 | 750d 4883 | 8328 0100 | 0001 e960 | 0000 0048 | 3bb3 3001 | 0000 750d | 4883 8338 
  0x0000020008bf6950: 0100 0001 | e94a 0000 | 0048 83bb | 2001 0000 | 0075 1748 | 89b3 2001 | 0000 48c7 | 8328 0100 
  0x0000020008bf6970: 0001 0000 | 00e9 2900 | 0000 4883 | bb30 0100 | 0000 7517 | 4889 b330 | 0100 0048 | c783 3801 
  0x0000020008bf6990: 0000 0100 | 0000 e908 | 0000 0048 | 8383 1001 

  0x0000020008bf69a0: ;   {metadata(method data for {method} {0x000002005e6249f0} 'getClassLoadingLock' '(Ljava/lang/String;)Ljava/lang/Object;' in 'org/eclipse/osgi/internal/loader/ModuleClassLoader')}
  0x0000020008bf69a0: 0000 0148 | bec8 f18c | 5e00 0200 | 008b 9ecc | 0000 0083 | c302 899e | cc00 0000 | 81e3 feff 
  0x0000020008bf69c0: 1f00 85db | 0f84 b003 | 0000 8b72 | 5048 3b06 

  0x0000020008bf69d0: ;   {metadata(method data for {method} {0x000002005e6249f0} 'getClassLoadingLock' '(Ljava/lang/String;)Ljava/lang/Object;' in 'org/eclipse/osgi/internal/loader/ModuleClassLoader')}
  0x0000020008bf69d0: 488b de48 | b8c8 f18c | 5e00 0200 | 0048 8380 | 1001 0000 | 0149 8bd8 | 4c8b c348 | 8954 2458 
  0x0000020008bf69f0: 488b d648 | 895c 2460 | 0f1f 8000 

  0x0000020008bf69fc: ;   {optimized virtual_call}
  0x0000020008bf69fc: 0000 00e8 

  0x0000020008bf6a00: ; ImmutableOopMap {[88]=Oop [96]=Oop [104]=Oop [112]=Oop }
                      ;*invokevirtual getLock {reexecute=0 rethrow=0 return_oop=0}
                      ; - org.eclipse.osgi.internal.loader.ModuleClassLoader::getClassLoadingLock@5 (line 437)
                      ; - org.eclipse.osgi.internal.loader.ModuleClassLoader::defineClass@8 (line 312)
  0x0000020008bf6a00: dc6b 7d07 

  0x0000020008bf6a04: ;   {other}
  0x0000020008bf6a04: 0f1f 8400 | 7403 0000 | 4889 4424 | 7848 8d94 | 2480 0000 | 0048 8bf0 | 4889 7208 

  0x0000020008bf6a20: ; implicit exception: dispatches to 0x0000020008bf6da0
  0x0000020008bf6a20: 488b 0648 | 83c8 0148 | 8902 f048 | 0fb1 160f | 8412 0000 | 0048 2bc4 | 4825 07f0 | ffff 4889 
  0x0000020008bf6a40: 020f 855e | 0300 0049 | ff87 5005 | 0000 488b 

  0x0000020008bf6a50: ;   {metadata(method data for {method} {0x000002005e5dfd38} 'defineClass' '(Ljava/lang/String;[BLorg/eclipse/osgi/internal/loader/classpath/ClasspathEntry;)Lorg/eclipse/osgi/internal/loader/ModuleClassLoader$DefineClassResult;' in 'org/eclipse/osgi/internal/loader/ModuleClassLoader')}
  0x0000020008bf6a50: 5424 5848 | be98 78c3 | 5e00 0200 | 0048 8386 | 4801 0000 

  0x0000020008bf6a64: ;   {metadata(method data for {method} {0x000002001c434ed0} 'findLoadedClass' '(Ljava/lang/String;)Ljava/lang/Class;' in 'java/lang/ClassLoader')}
  0x0000020008bf6a64: 0148 baa8 | 1a24 5e00 | 0200 008b | b2cc 0000 | 0083 c602 | 89b2 cc00 | 0000 81e6 | feff 1f00 
  0x0000020008bf6a84: 85f6 0f84 | 2c03 0000 

  0x0000020008bf6a8c: ;   {metadata(method data for {method} {0x000002001c434ed0} 'findLoadedClass' '(Ljava/lang/String;)Ljava/lang/Class;' in 'java/lang/ClassLoader')}
  0x0000020008bf6a8c: 48ba a81a | 245e 0002 | 0000 4883 | 8210 0100 | 0001 488b | 5424 600f 

  0x0000020008bf6aa4: ;   {static_call}
  0x0000020008bf6aa4: 1f40 00e8 

  0x0000020008bf6aa8: ; ImmutableOopMap {[88]=Oop [96]=Oop [104]=Oop [112]=Oop [120]=Oop [136]=Oop }
                      ;*invokestatic checkName {reexecute=0 rethrow=0 return_oop=0}
                      ; - java.lang.ClassLoader::findLoadedClass@1
                      ; - org.eclipse.osgi.internal.loader.ModuleClassLoader::defineClass@17 (line 313)
  0x0000020008bf6aa8: 940d 4900 

  0x0000020008bf6aac: ;   {other}
  0x0000020008bf6aac: 0f1f 8400 | 1c04 0001 

  0x0000020008bf6ab4: ;   {metadata(method data for {method} {0x000002001c434ed0} 'findLoadedClass' '(Ljava/lang/String;)Ljava/lang/Class;' in 'java/lang/ClassLoader')}
  0x0000020008bf6ab4: 85c0 49b8 | a81a 245e | 0002 0000 | 48c7 c220 | 0100 0075 | 0748 c7c2 | 3001 0000 | 498b 3410 
  0x0000020008bf6ad4: 488d 7601 | 4989 3410 | 0f85 0f00 

  0x0000020008bf6ae0: ;   {oop(nullptr)}
  0x0000020008bf6ae0: 0000 48be | 0000 0000 | 0000 0000 | e936 0000 | 0048 8b54 

  0x0000020008bf6af4: ;   {metadata(method data for {method} {0x000002001c434ed0} 'findLoadedClass' '(Ljava/lang/String;)Ljava/lang/Class;' in 'java/lang/ClassLoader')}
  0x0000020008bf6af4: 2458 49b8 | a81a 245e | 0002 0000 | 4983 8040 | 0100 0001 | 4c8b 4424 | 6048 8b54 | 2458 0f1f 
  0x0000020008bf6b14: ;   {optimized virtual_call}
  0x0000020008bf6b14: 4400 00e8 

  0x0000020008bf6b18: ; ImmutableOopMap {[88]=Oop [96]=Oop [104]=Oop [112]=Oop [120]=Oop [136]=Oop }
                      ;*invokevirtual findLoadedClass0 {reexecute=0 rethrow=0 return_oop=0}
                      ; - java.lang.ClassLoader::findLoadedClass@11
                      ; - org.eclipse.osgi.internal.loader.ModuleClassLoader::defineClass@17 (line 313)
  0x0000020008bf6b18: 24cd 5207 

  0x0000020008bf6b1c: ;   {other}
  0x0000020008bf6b1c: 0f1f 8400 | 8c04 0002 | 488b f048 

  0x0000020008bf6b28: ;   {metadata(method data for {method} {0x000002005e5dfd38} 'defineClass' '(Ljava/lang/String;[BLorg/eclipse/osgi/internal/loader/classpath/ClasspathEntry;)Lorg/eclipse/osgi/internal/loader/ModuleClassLoader$DefineClassResult;' in 'org/eclipse/osgi/internal/loader/ModuleClassLoader')}
  0x0000020008bf6b28: 85f6 49b8 | 9878 c35e | 0002 0000 | 49c7 c190 | 0100 0074 | 0749 c7c1 | 8001 0000 | 4b8b 3c08 
  0x0000020008bf6b48: 488d 7f01 | 4b89 3c08 | 0f84 0e00 | 0000 488b | de41 b800 | 0000 00e9 | 6900 0000 | 488b 7c24 
  0x0000020008bf6b68: 704c 8b4c | 2468 4c8b | 4424 6048 | 8b54 2458 

  0x0000020008bf6b78: ; implicit exception: dispatches to 0x0000020008bf6dd9
  0x0000020008bf6b78: 418b 710c 

  0x0000020008bf6b7c: ; implicit exception: dispatches to 0x0000020008bf6dde
  0x0000020008bf6b7c: 483b 0748 

  0x0000020008bf6b80: ;   {metadata(method data for {method} {0x000002005e5dfd38} 'defineClass' '(Ljava/lang/String;[BLorg/eclipse/osgi/internal/loader/classpath/ClasspathEntry;)Lorg/eclipse/osgi/internal/loader/ModuleClassLoader$DefineClassResult;' in 'org/eclipse/osgi/internal/loader/ModuleClassLoader')}
  0x0000020008bf6b80: 8bcf 48bb | 9878 c35e | 0002 0000 | 4883 83b8 | 0100 0001 | 8b4f 1048 

  0x0000020008bf6b98: ;   {metadata(method data for {method} {0x000002005e5dfd38} 'defineClass' '(Ljava/lang/String;[BLorg/eclipse/osgi/internal/loader/classpath/ClasspathEntry;)Lorg/eclipse/osgi/internal/loader/ModuleClassLoader$DefineClassResult;' in 'org/eclipse/osgi/internal/loader/ModuleClassLoader')}
  0x0000020008bf6b98: 8bfa 48bb | 9878 c35e | 0002 0000 | 4883 83d8 | 0100 0001 | bf00 0000 | 0066 0f1f 

  0x0000020008bf6bb4: ;   {optimized virtual_call}
  0x0000020008bf6bb4: 4400 00e8 

  0x0000020008bf6bb8: ; ImmutableOopMap {[120]=Oop [136]=Oop }
                      ;*invokevirtual defineClass {reexecute=0 rethrow=0 return_oop=0}
                      ; - org.eclipse.osgi.internal.loader.ModuleClassLoader::defineClass@37 (line 315)
  0x0000020008bf6bb8: c475 8307 

  0x0000020008bf6bbc: ;   {other}
  0x0000020008bf6bbc: 0f1f 8400 | 2c05 0003 | 488b d841 | b801 0000 | 0048 8d84 | 2480 0000 | 0048 8b10 | 4885 d20f 
  0x0000020008bf6bdc: 840f 0000 | 0048 8b70 | 08f0 480f | b116 0f85 | f301 0000 | 49ff 8f50 

  0x0000020008bf6bf4: ;   {metadata(method data for {method} {0x000002005e5dfd38} 'defineClass' '(Ljava/lang/String;[BLorg/eclipse/osgi/internal/loader/classpath/ClasspathEntry;)Lorg/eclipse/osgi/internal/loader/ModuleClassLoader$DefineClassResult;' in 'org/eclipse/osgi/internal/loader/ModuleClassLoader')}
  0x0000020008bf6bf4: 0500 0048 | ba98 78c3 | 5e00 0200 | 00ff 8210 

  0x0000020008bf6c04: ;   {metadata('org/eclipse/osgi/internal/loader/ModuleClassLoader$DefineClassResult')}
  0x0000020008bf6c04: 0200 0048 | ba28 6612 | 1d00 0200 | 0049 8b87 | b801 0000 | 488d 7818 | 493b bfc8 | 0100 000f 
  0x0000020008bf6c24: 87d0 0100 | 0049 89bf | b801 0000 | 48c7 0001 | 0000 0048 | 8bca 49ba | 0000 001c | 0002 0000 
  0x0000020008bf6c44: 492b ca89 | 4808 4833 | c989 480c | 4833 c948 | 8948 1048 

  0x0000020008bf6c58: ;   {metadata(method data for {method} {0x000002005e5dfd38} 'defineClass' '(Ljava/lang/String;[BLorg/eclipse/osgi/internal/loader/classpath/ClasspathEntry;)Lorg/eclipse/osgi/internal/loader/ModuleClassLoader$DefineClassResult;' in 'org/eclipse/osgi/internal/loader/ModuleClassLoader')}
  0x0000020008bf6c58: 8bf0 48bf | 9878 c35e | 0002 0000 | 4883 8728 | 0200 0001 

  0x0000020008bf6c6c: ;   {metadata(method data for {method} {0x000002005e78e018} '<init>' '(Ljava/lang/Class;Z)V' in 'org/eclipse/osgi/internal/loader/ModuleClassLoader$DefineClassResult')}
  0x0000020008bf6c6c: 48be 28d4 | aa5e 0002 | 0000 8bbe | cc00 0000 | 83c7 0289 | becc 0000 | 0081 e7fe | ff1f 0085 
  0x0000020008bf6c8c: ff0f 8473 | 0100 0048 

  0x0000020008bf6c94: ;   {metadata(method data for {method} {0x000002005e78e018} '<init>' '(Ljava/lang/Class;Z)V' in 'org/eclipse/osgi/internal/loader/ModuleClassLoader$DefineClassResult')}
  0x0000020008bf6c94: 8bf0 48bf | 28d4 aa5e | 0002 0000 | 4883 8710 | 0100 0001 

  0x0000020008bf6ca8: ;   {metadata(method data for {method} {0x000002001c4748b8} '<init>' '()V' in 'java/lang/Object')}
  0x0000020008bf6ca8: 48be 9067 | 005e 0002 | 0000 8bbe | cc00 0000 | 83c7 0289 | becc 0000 | 0081 e7fe | ff1f 0085 
  0x0000020008bf6cc8: ff0f 8458 | 0100 004c | 8bd3 4489 | 5010 488d | 3048 c1ee | 0948 bf00 | 009d 0400 | 0200 00c6 
  0x0000020008bf6ce8: 043e 0041 | 83e0 0144 | 8840 0c48 | 81c4 a000 

  0x0000020008bf6cf8: ;   {poll_return}
  0x0000020008bf6cf8: 0000 5d49 | 3ba7 5004 | 0000 0f87 | 4001 0000 | c349 8b87 | 0005 0000 | 4d33 d24d | 8997 0005 
  0x0000020008bf6d18: 0000 4d33 | d24d 8997 | 0805 0000 | 488b f048 | 8d84 2480 | 0000 0048 | 8b38 4885 | ff0f 840f 
  0x0000020008bf6d38: 0000 0048 | 8b58 08f0 | 480f b13b | 0f85 1401 | 0000 49ff | 8f50 0500 | 0048 8bc6 | e938 0100 
  0x0000020008bf6d58: ;   {metadata({method} {0x000002005e5dfd38} 'defineClass' '(Ljava/lang/String;[BLorg/eclipse/osgi/internal/loader/classpath/ClasspathEntry;)Lorg/eclipse/osgi/internal/loader/ModuleClassLoader$DefineClassResult;' in 'org/eclipse/osgi/internal/loader/ModuleClassLoader')}
  0x0000020008bf6d58: 0049 ba30 | fd5d 5e00 | 0200 004c | 8954 2408 | 48c7 0424 | ffff ffff 

  0x0000020008bf6d70: ;   {runtime_call counter_overflow Runtime1 stub}
  0x0000020008bf6d70: e80b 1707 

  0x0000020008bf6d74: ; ImmutableOopMap {rdx=Oop r8=Oop r9=Oop rdi=Oop }
                      ;*synchronization entry
                      ; - org.eclipse.osgi.internal.loader.ModuleClassLoader::defineClass@-1 (line 310)
  0x0000020008bf6d74: 07e9 8cfb 

  0x0000020008bf6d78: ;   {metadata({method} {0x000002005e6249f0} 'getClassLoadingLock' '(Ljava/lang/String;)Ljava/lang/Object;' in 'org/eclipse/osgi/internal/loader/ModuleClassLoader')}
  0x0000020008bf6d78: ffff 49ba | e849 625e | 0002 0000 | 4c89 5424 | 0848 c704 | 24ff ffff 

  0x0000020008bf6d90: ;   {runtime_call counter_overflow Runtime1 stub}
  0x0000020008bf6d90: ffe8 ea16 

  0x0000020008bf6d94: ; ImmutableOopMap {rdx=Oop r8=Oop [104]=Oop [112]=Oop }
                      ;*synchronization entry
                      ; - org.eclipse.osgi.internal.loader.ModuleClassLoader::getClassLoadingLock@-1 (line 437)
                      ; - org.eclipse.osgi.internal.loader.ModuleClassLoader::defineClass@8 (line 312)
  0x0000020008bf6d94: 0707 e92f 

  0x0000020008bf6d98: ;   {runtime_call throw_null_pointer_exception Runtime1 stub}
  0x0000020008bf6d98: fcff ffe8 

  0x0000020008bf6d9c: ; ImmutableOopMap {rdx=Oop r8=Oop rsi=Oop [104]=Oop [112]=Oop }
                      ;*invokevirtual getLock {reexecute=0 rethrow=0 return_oop=0}
                      ; - org.eclipse.osgi.internal.loader.ModuleClassLoader::getClassLoadingLock@5 (line 437)
                      ; - org.eclipse.osgi.internal.loader.ModuleClassLoader::defineClass@8 (line 312)
  0x0000020008bf6d9c: 80c6 fd06 

  0x0000020008bf6da0: ;   {runtime_call throw_null_pointer_exception Runtime1 stub}
  0x0000020008bf6da0: e87b c6fd 

  0x0000020008bf6da4: ; ImmutableOopMap {rsi=Oop [88]=Oop [96]=Oop [104]=Oop [112]=Oop [120]=Oop }
                      ;*monitorenter {reexecute=0 rethrow=0 return_oop=0}
                      ; - org.eclipse.osgi.internal.loader.ModuleClassLoader::defineClass@14 (line 312)
  0x0000020008bf6da4: 0648 8974 | 2408 4889 

  0x0000020008bf6dac: ;   {runtime_call monitorenter_nofpu Runtime1 stub}
  0x0000020008bf6dac: 1424 e8cd 

  0x0000020008bf6db0: ; ImmutableOopMap {rsi=Oop [88]=Oop [96]=Oop [104]=Oop [112]=Oop [120]=Oop [136]=Oop }
                      ;*monitorenter {reexecute=0 rethrow=0 return_oop=0}
                      ; - org.eclipse.osgi.internal.loader.ModuleClassLoader::defineClass@14 (line 312)
  0x0000020008bf6db0: ec06 07e9 | 96fc ffff 

  0x0000020008bf6db8: ;   {metadata({method} {0x000002001c434ed0} 'findLoadedClass' '(Ljava/lang/String;)Ljava/lang/Class;' in 'java/lang/ClassLoader')}
  0x0000020008bf6db8: 49ba c84e | 431c 0002 | 0000 4c89 | 5424 0848 | c704 24ff 

  0x0000020008bf6dcc: ;   {runtime_call counter_overflow Runtime1 stub}
  0x0000020008bf6dcc: ffff ffe8 

  0x0000020008bf6dd0: ; ImmutableOopMap {[88]=Oop [96]=Oop [104]=Oop [112]=Oop [120]=Oop [136]=Oop }
                      ;*synchronization entry
                      ; - java.lang.ClassLoader::findLoadedClass@-1
                      ; - org.eclipse.osgi.internal.loader.ModuleClassLoader::defineClass@17 (line 313)
  0x0000020008bf6dd0: ac16 0707 | e9b3 fcff 

  0x0000020008bf6dd8: ;   {runtime_call throw_null_pointer_exception Runtime1 stub}
  0x0000020008bf6dd8: ffe8 42c6 

  0x0000020008bf6ddc: ; ImmutableOopMap {rdx=Oop r8=Oop r9=Oop rdi=Oop [120]=Oop [136]=Oop }
                      ;*arraylength {reexecute=0 rethrow=0 return_oop=0}
                      ; - org.eclipse.osgi.internal.loader.ModuleClassLoader::defineClass@32 (line 315)
                      ;   {runtime_call throw_null_pointer_exception Runtime1 stub}
  0x0000020008bf6ddc: fd06 e83d 

  0x0000020008bf6de0: ; ImmutableOopMap {rdx=Oop r8=Oop r9=Oop rdi=Oop [120]=Oop [136]=Oop }
                      ;*invokevirtual getDomain {reexecute=0 rethrow=0 return_oop=0}
                      ; - org.eclipse.osgi.internal.loader.ModuleClassLoader::defineClass@34 (line 315)
  0x0000020008bf6de0: c6fd 0648 | 8d84 2480 | 0000 0048 

  0x0000020008bf6dec: ;   {runtime_call monitorexit_nofpu Runtime1 stub}
  0x0000020008bf6dec: 8904 24e8 | 0cf3 0607 | e9fe fdff | ff48 8bd2 

  0x0000020008bf6dfc: ;   {runtime_call fast_new_instance Runtime1 stub}
  0x0000020008bf6dfc: e8ff b9fd 

  0x0000020008bf6e00: ; ImmutableOopMap {rbx=Oop }
                      ;*new {reexecute=0 rethrow=0 return_oop=0}
                      ; - org.eclipse.osgi.internal.loader.ModuleClassLoader::defineClass@55 (line 319)
  0x0000020008bf6e00: 06e9 51fe 

  0x0000020008bf6e04: ;   {metadata({method} {0x000002005e78e018} '<init>' '(Ljava/lang/Class;Z)V' in 'org/eclipse/osgi/internal/loader/ModuleClassLoader$DefineClassResult')}
  0x0000020008bf6e04: ffff 49ba | 10e0 785e | 0002 0000 | 4c89 5424 | 0848 c704 | 24ff ffff 

  0x0000020008bf6e1c: ;   {runtime_call counter_overflow Runtime1 stub}
  0x0000020008bf6e1c: ffe8 5e16 

  0x0000020008bf6e20: ; ImmutableOopMap {rbx=Oop rax=Oop }
                      ;*synchronization entry
                      ; - org.eclipse.osgi.internal.loader.ModuleClassLoader$DefineClassResult::<init>@-1 (line 96)
                      ; - org.eclipse.osgi.internal.loader.ModuleClassLoader::defineClass@63 (line 319)
  0x0000020008bf6e20: 0707 e96c 

  0x0000020008bf6e24: ;   {metadata({method} {0x000002001c4748b8} '<init>' '()V' in 'java/lang/Object')}
  0x0000020008bf6e24: feff ff49 | bab0 4847 | 1c00 0200 | 004c 8954 | 2408 48c7 | 0424 ffff 

  0x0000020008bf6e3c: ;   {runtime_call counter_overflow Runtime1 stub}
  0x0000020008bf6e3c: ffff e83d 

  0x0000020008bf6e40: ; ImmutableOopMap {rbx=Oop rax=Oop }
                      ;*synchronization entry
                      ; - java.lang.Object::<init>@-1
                      ; - org.eclipse.osgi.internal.loader.ModuleClassLoader$DefineClassResult::<init>@1 (line 96)
                      ; - org.eclipse.osgi.internal.loader.ModuleClassLoader::defineClass@63 (line 319)
  0x0000020008bf6e40: 1607 07e9 | 87fe ffff 

  0x0000020008bf6e48: ;   {internal_word}
  0x0000020008bf6e48: 49ba fb6c | bf08 0002 | 0000 4d89 | 9768 0400 

  0x0000020008bf6e58: ;   {runtime_call SafepointBlob}
  0x0000020008bf6e58: 00e9 22ed | fb06 488d | 8424 8000 | 0000 4889 

  0x0000020008bf6e68: ;   {runtime_call monitorexit_nofpu Runtime1 stub}
  0x0000020008bf6e68: 0424 e891 | f206 07e9 | ddfe ffff | 498b 8700 | 0500 0049 | c787 0005 | 0000 0000 | 0000 49c7 
  0x0000020008bf6e88: 8708 0500 | 0000 0000 | 0048 81c4 | a000 0000 

  0x0000020008bf6e98: ;   {runtime_call unwind_exception Runtime1 stub}
  0x0000020008bf6e98: 5de9 62d4 | fd06 f4f4 
[Stub Code]
  0x0000020008bf6ea0: ;   {no_reloc}
  0x0000020008bf6ea0: 48bb 0071 | 685e 0002 

  0x0000020008bf6ea8: ;   {runtime_call I2C/C2I adapters}
  0x0000020008bf6ea8: 0000 e9b8 

  0x0000020008bf6eac: ;   {static_stub}
  0x0000020008bf6eac: d2fb 0648 | bb00 0000 | 0000 0000 

  0x0000020008bf6eb8: ;   {runtime_call nmethod}
  0x0000020008bf6eb8: 00e9 fbff 

  0x0000020008bf6ebc: ;   {static_stub}
  0x0000020008bf6ebc: ffff 48bb | 0000 0000 | 0000 0000 

  0x0000020008bf6ec8: ;   {runtime_call nmethod}
  0x0000020008bf6ec8: e9fb ffff 

  0x0000020008bf6ecc: ;   {static_stub}
  0x0000020008bf6ecc: ff48 bb00 | 0000 0000 

  0x0000020008bf6ed4: ;   {runtime_call nmethod}
  0x0000020008bf6ed4: 0000 00e9 | fbff ffff 
[Exception Handler]
  0x0000020008bf6edc: ;   {runtime_call handle_exception_from_callee Runtime1 stub}
  0x0000020008bf6edc: e81f d906 

  0x0000020008bf6ee0: ;   {external_word}
  0x0000020008bf6ee0: 0748 b940 | 6340 c4fe | 7f00 0048 

  0x0000020008bf6eec: ;   {runtime_call}
  0x0000020008bf6eec: 83e4 f048 | b8d0 c402 | c4fe 7f00 | 00ff d0f4 
[Deopt Handler Code]
  0x0000020008bf6efc: ;   {section_word}
  0x0000020008bf6efc: 49ba fc6e | bf08 0002 | 0000 4152 

  0x0000020008bf6f08: ;   {runtime_call DeoptimizationBlob}
  0x0000020008bf6f08: e913 01fc | 06f4 f4f4 
[/MachCode]


---------------  P R O C E S S  ---------------

Threads class SMR info:
_java_thread_list=0x00000200635a2b90, length=40, elements={
0x000002000542f8a0, 0x00000200054e9e60, 0x00000200054edac0, 0x0000020005320330,
0x0000020005324400, 0x00000200053270d0, 0x0000020005327c60, 0x0000020005328aa0,
0x00000200053b0520, 0x000002005dbeec50, 0x000002005dd21d10, 0x00000200626a4230,
0x000002006286ec50, 0x0000020062851280, 0x00000200628556c0, 0x0000020062ac0f40,
0x00000200627fdc90, 0x0000020062495a50, 0x00000200629861e0, 0x00000200629854c0,
0x0000020062984110, 0x0000020062984e30, 0x0000020062986f00, 0x000002006537ecf0,
0x000002006537dfd0, 0x000002006537cc20, 0x000002006537b870, 0x000002006537e660,
0x000002006537f380, 0x000002006537d2b0, 0x000002006537bf00, 0x000002006537fa10,
0x0000020065380730, 0x0000020065382170, 0x0000020065382800, 0x00000200653800a0,
0x0000020065380dc0, 0x0000020065381450, 0x0000020065381ae0, 0x00000200629847a0
}

Java Threads: ( => current thread )
  0x000002000542f8a0 JavaThread "main"                              [_thread_blocked, id=3104, stack(0x0000006190400000,0x0000006190500000) (1024K)]
  0x00000200054e9e60 JavaThread "Reference Handler"          daemon [_thread_blocked, id=20808, stack(0x0000006190800000,0x0000006190900000) (1024K)]
  0x00000200054edac0 JavaThread "Finalizer"                  daemon [_thread_blocked, id=11004, stack(0x0000006190900000,0x0000006190a00000) (1024K)]
  0x0000020005320330 JavaThread "Signal Dispatcher"          daemon [_thread_blocked, id=12560, stack(0x0000006190a00000,0x0000006190b00000) (1024K)]
  0x0000020005324400 JavaThread "Attach Listener"            daemon [_thread_blocked, id=18764, stack(0x0000006190b00000,0x0000006190c00000) (1024K)]
  0x00000200053270d0 JavaThread "Service Thread"             daemon [_thread_blocked, id=10796, stack(0x0000006190c00000,0x0000006190d00000) (1024K)]
  0x0000020005327c60 JavaThread "Monitor Deflation Thread"   daemon [_thread_blocked, id=24892, stack(0x0000006190d00000,0x0000006190e00000) (1024K)]
  0x0000020005328aa0 JavaThread "C2 CompilerThread0"         daemon [_thread_blocked, id=23920, stack(0x0000006190e00000,0x0000006190f00000) (1024K)]
  0x00000200053b0520 JavaThread "C1 CompilerThread0"         daemon [_thread_in_vm, id=25312, stack(0x0000006190f00000,0x0000006191000000) (1024K)]
  0x000002005dbeec50 JavaThread "Common-Cleaner"             daemon [_thread_blocked, id=9084, stack(0x0000006191000000,0x0000006191100000) (1024K)]
  0x000002005dd21d10 JavaThread "Notification Thread"        daemon [_thread_blocked, id=11124, stack(0x0000006191100000,0x0000006191200000) (1024K)]
  0x00000200626a4230 JavaThread "Active Thread: Equinox Container: 648c91b0-158f-4ed2-914e-b7583f4901f3"        [_thread_blocked, id=20640, stack(0x0000006191500000,0x0000006191600000) (1024K)]
  0x000002006286ec50 JavaThread "Refresh Thread: Equinox Container: 648c91b0-158f-4ed2-914e-b7583f4901f3" daemon [_thread_blocked, id=25464, stack(0x0000006191600000,0x0000006191700000) (1024K)]
  0x0000020062851280 JavaThread "Framework Event Dispatcher: Equinox Container: 648c91b0-158f-4ed2-914e-b7583f4901f3" daemon [_thread_blocked, id=2864, stack(0x0000006191700000,0x0000006191800000) (1024K)]
  0x00000200628556c0 JavaThread "Start Level: Equinox Container: 648c91b0-158f-4ed2-914e-b7583f4901f3" daemon [_thread_blocked, id=14068, stack(0x0000006191800000,0x0000006191900000) (1024K)]
  0x0000020062ac0f40 JavaThread "Bundle File Closer"         daemon [_thread_blocked, id=22276, stack(0x0000006191900000,0x0000006191a00000) (1024K)]
  0x00000200627fdc90 JavaThread "SCR Component Actor"        daemon [_thread_blocked, id=21664, stack(0x0000006191a00000,0x0000006191b00000) (1024K)]
  0x0000020062495a50 JavaThread "Worker-JM"                         [_thread_blocked, id=15752, stack(0x0000006191c00000,0x0000006191d00000) (1024K)]
  0x00000200629861e0 JavaThread "JNA Cleaner"                daemon [_thread_blocked, id=13396, stack(0x0000006191b00000,0x0000006191c00000) (1024K)]
=>0x00000200629854c0 JavaThread "Worker-0: Initialize workspace"        [_thread_in_vm, id=16544, stack(0x0000006191d00000,0x0000006191e00000) (1024K)]
  0x0000020062984110 JavaThread "Worker-1: Validating Gradle wrapper checksum..."        [_thread_blocked, id=22408, stack(0x0000006191e00000,0x0000006191f00000) (1024K)]
  0x0000020062984e30 JavaThread "Java indexing"              daemon [_thread_blocked, id=20068, stack(0x0000006191f00000,0x0000006192000000) (1024K)]
  0x0000020062986f00 JavaThread "Worker-4"                          [_thread_blocked, id=11076, stack(0x0000006192500000,0x0000006192600000) (1024K)]
  0x000002006537ecf0 JavaThread "Thread-1"                   daemon [_thread_in_native, id=18296, stack(0x0000006192700000,0x0000006192800000) (1024K)]
  0x000002006537dfd0 JavaThread "Thread-2"                   daemon [_thread_in_native, id=23124, stack(0x0000006192800000,0x0000006192900000) (1024K)]
  0x000002006537cc20 JavaThread "Thread-3"                   daemon [_thread_in_native, id=16244, stack(0x0000006192900000,0x0000006192a00000) (1024K)]
  0x000002006537b870 JavaThread "Thread-4"                   daemon [_thread_in_native, id=5688, stack(0x0000006192a00000,0x0000006192b00000) (1024K)]
  0x000002006537e660 JavaThread "Thread-5"                   daemon [_thread_in_native, id=18028, stack(0x0000006192b00000,0x0000006192c00000) (1024K)]
  0x000002006537f380 JavaThread "pool-2-thread-1"                   [_thread_blocked, id=21148, stack(0x0000006192c00000,0x0000006192d00000) (1024K)]
  0x000002006537d2b0 JavaThread "WorkspaceEventsHandler"            [_thread_blocked, id=1856, stack(0x0000006192d00000,0x0000006192e00000) (1024K)]
  0x000002006537bf00 JavaThread "pool-1-thread-1"                   [_thread_blocked, id=22968, stack(0x0000006192e00000,0x0000006192f00000) (1024K)]
  0x000002006537fa10 JavaThread "Timer-0"                           [_thread_blocked, id=1488, stack(0x0000006193000000,0x0000006193100000) (1024K)]
  0x0000020065380730 JavaThread "Timer-1"                           [_thread_blocked, id=19064, stack(0x0000006190200000,0x0000006190300000) (1024K)]
  0x0000020065382170 JavaThread "Timer-2"                           [_thread_blocked, id=7340, stack(0x0000006190300000,0x0000006190400000) (1024K)]
  0x0000020065382800 JavaThread "Worker-6: Download Gradle Wrapper checksums"        [_thread_blocked, id=24900, stack(0x0000006192000000,0x0000006192100000) (1024K)]
  0x00000200653800a0 JavaThread "Worker-7"                          [_thread_blocked, id=1168, stack(0x0000006192100000,0x0000006192200000) (1024K)]
  0x0000020065380dc0 JavaThread "ForkJoinPool.commonPool-worker-1" daemon [_thread_blocked, id=23972, stack(0x0000006192400000,0x0000006192500000) (1024K)]
  0x0000020065381450 JavaThread "PatternSearchJob-worker-1"  daemon [_thread_blocked, id=14532, stack(0x0000006192600000,0x0000006192700000) (1024K)]
  0x0000020065381ae0 JavaThread "PatternSearchJob-worker-2"  daemon [_thread_blocked, id=23864, stack(0x0000006192f00000,0x0000006193000000) (1024K)]
  0x00000200629847a0 JavaThread "PatternSearchJob-worker-3"  daemon [_thread_blocked, id=25932, stack(0x0000006193100000,0x0000006193200000) (1024K)]
Total: 40

Other Threads:
  0x000002000531fa90 VMThread "VM Thread"                           [id=21364, stack(0x0000006190700000,0x0000006190800000) (1024K)]
  0x00000200052bc950 WatcherThread "VM Periodic Task Thread"        [id=21204, stack(0x0000006190600000,0x0000006190700000) (1024K)]
  0x000002000544e740 WorkerThread "GC Thread#0"                     [id=11352, stack(0x0000006190500000,0x0000006190600000) (1024K)]
  0x000002005dd50720 WorkerThread "GC Thread#1"                     [id=2572, stack(0x0000006191200000,0x0000006191300000) (1024K)]
  0x0000020062344bd0 WorkerThread "GC Thread#2"                     [id=20872, stack(0x0000006191300000,0x0000006191400000) (1024K)]
  0x0000020062344f80 WorkerThread "GC Thread#3"                     [id=7016, stack(0x0000006191400000,0x0000006191500000) (1024K)]
Total: 6

Threads with active compile tasks:
C1 CompilerThread0  408491 7915   !   3       com.google.gson.internal.bind.ReflectiveTypeAdapterFactory$2::write (140 bytes)
Total: 1

VM state: not at safepoint (normal execution)

VM Mutex/Monitor currently owned by a thread:  ([mutex/lock_event])
[0x00007ffec46bd4f0] Metaspace_lock - owner thread: 0x00000200629854c0

Heap address: 0x0000000080000000, size: 2048 MB, Compressed Oops mode: 32-bit

CDS archive(s) mapped at: [0x000002001c000000-0x000002001cba0000-0x000002001cba0000), size 12189696, SharedBaseAddress: 0x000002001c000000, ArchiveRelocationMode: 1.
Compressed class space mapped at: 0x000002001d000000-0x000002005d000000, reserved size: 1073741824
Narrow klass base: 0x000002001c000000, Narrow klass shift: 0, Narrow klass range: 0x100000000

GC Precious Log:
 CardTable entry size: 512
 CPUs: 4 total, 4 available
 Memory: 7975M
 Large Page Support: Disabled
 NUMA Support: Disabled
 Compressed Oops: Enabled (32-bit)
 Alignments: Space 512K, Generation 512K, Heap 2M
 Heap Min Capacity: 100M
 Heap Initial Capacity: 100M
 Heap Max Capacity: 2G
 Pre-touch: Disabled
 Parallel Workers: 4

Heap:
 PSYoungGen      total 22528K, used 12744K [0x00000000d5580000, 0x00000000d6e80000, 0x0000000100000000)
  eden space 20480K, 52% used [0x00000000d5580000,0x00000000d5ff73c8,0x00000000d6980000)
  from space 2048K, 98% used [0x00000000d6c80000,0x00000000d6e7ad18,0x00000000d6e80000)
  to   space 2560K, 0% used [0x00000000d6980000,0x00000000d6980000,0x00000000d6c00000)
 ParOldGen       total 68608K, used 58009K [0x0000000080000000, 0x0000000084300000, 0x00000000d5580000)
  object space 68608K, 84% used [0x0000000080000000,0x00000000838a64b8,0x0000000084300000)
 Metaspace       used 56992K, committed 58176K, reserved 1114112K
  class space    used 6358K, committed 6912K, reserved 1048576K

Card table byte_map: [0x0000020004dd0000,0x00000200051e0000] _byte_map_base: 0x00000200049d0000

Marking Bits: (ParMarkBitMap*) 0x00007ffec46c4460
 Begin Bits: [0x00000200178e0000, 0x00000200198e0000)
 End Bits:   [0x00000200198e0000, 0x000002001b8e0000)

Polling page: 0x0000020003220000

Metaspace:

Usage:
  Non-class:     49.45 MB used.
      Class:      6.21 MB used.
       Both:     55.66 MB used.

Virtual space:
  Non-class space:       64.00 MB reserved,      50.06 MB ( 78%) committed,  1 nodes.
      Class space:        1.00 GB reserved,       6.75 MB ( <1%) committed,  1 nodes.
             Both:        1.06 GB reserved,      56.81 MB (  5%) committed. 

Chunk freelists:
   Non-Class:  13.92 MB
       Class:  9.16 MB
        Both:  23.08 MB

MaxMetaspaceSize: unlimited
CompressedClassSpaceSize: 1.00 GB
Initial GC threshold: 21.00 MB
Current GC threshold: 58.38 MB
CDS: on
 - commit_granule_bytes: 65536.
 - commit_granule_words: 8192.
 - virtual_space_node_default_size: 8388608.
 - enlarge_chunks_in_place: 1.
 - use_allocation_guard: 0.


Internal statistics:

num_allocs_failed_limit: 8.
num_arena_births: 892.
num_arena_deaths: 14.
num_vsnodes_births: 2.
num_vsnodes_deaths: 0.
num_space_committed: 909.
num_space_uncommitted: 0.
num_chunks_returned_to_freelist: 22.
num_chunks_taken_from_freelist: 3189.
num_chunk_merges: 13.
num_chunk_splits: 2033.
num_chunks_enlarged: 1233.
num_inconsistent_stats: 0.

CodeHeap 'non-profiled nmethods': size=120000Kb used=4878Kb max_used=4878Kb free=115121Kb
 bounds [0x0000020010100000, 0x00000200105d0000, 0x0000020017630000]
CodeHeap 'profiled nmethods': size=120000Kb used=15405Kb max_used=15405Kb free=104594Kb
 bounds [0x0000020008630000, 0x0000020009540000, 0x000002000fb60000]
CodeHeap 'non-nmethods': size=5760Kb used=1437Kb max_used=1486Kb free=4323Kb
 bounds [0x000002000fb60000, 0x000002000fdd0000, 0x0000020010100000]
CodeCache: size=245760Kb, used=21720Kb, max_used=21769Kb, free=224038Kb
 total_blobs=8101, nmethods=7366, adapters=641, full_count=0
Compilation: enabled, stopped_count=0, restarted_count=0

Compilation events (20 events):
Event: 408.069 Thread 0x0000020005328aa0 7901       4       org.eclipse.jdt.internal.compiler.util.JrtFileSystem$2::preVisitDirectory (10 bytes)
Event: 408.083 Thread 0x00000200053b0520 7904       3       java.nio.Buffer::checkSession (14 bytes)
Event: 408.083 Thread 0x00000200053b0520 nmethod 7904 0x0000020009528810 code [0x00000200095289e0, 0x0000020009528de8]
Event: 408.085 Thread 0x00000200053b0520 7905  s    3       sun.nio.ch.ChannelInputStream::read (77 bytes)
Event: 408.086 Thread 0x00000200053b0520 nmethod 7905 0x0000020009528f10 code [0x0000020009529140, 0x0000020009529920]
Event: 408.092 Thread 0x0000020005328aa0 nmethod 7901 0x00000200105bd290 code [0x00000200105bd5e0, 0x00000200105bf078]
Event: 408.092 Thread 0x0000020005328aa0 7903       4       java.util.stream.ReferencePipeline$3$1::accept (23 bytes)
Event: 408.093 Thread 0x0000020005328aa0 nmethod 7903 0x00000200105c0390 code [0x00000200105c0520, 0x00000200105c0610]
Event: 408.093 Thread 0x0000020005328aa0 7902       4       org.eclipse.jdt.internal.compiler.util.JrtFileSystem$2::preVisitDirectory (136 bytes)
Event: 408.119 Thread 0x0000020005328aa0 nmethod 7902 0x00000200105c0710 code [0x00000200105c0a60, 0x00000200105c24f0]
Event: 408.136 Thread 0x00000200053b0520 7906       3       org.eclipse.jdt.internal.compiler.util.CharDeduplication::equals (44 bytes)
Event: 408.136 Thread 0x00000200053b0520 nmethod 7906 0x0000020009529c10 code [0x0000020009529de0, 0x000002000952a0c8]
Event: 408.136 Thread 0x00000200053b0520 7907       3       org.eclipse.jdt.internal.compiler.util.CharDeduplication::hashCode (37 bytes)
Event: 408.136 Thread 0x00000200053b0520 nmethod 7907 0x000002000952a210 code [0x000002000952a3c0, 0x000002000952a5d8]
Event: 408.138 Thread 0x00000200053b0520 7908       3       org.eclipse.jdt.internal.compiler.classfmt.ModuleInfo$ModuleReferenceInfo::<init> (15 bytes)
Event: 408.138 Thread 0x00000200053b0520 nmethod 7908 0x000002000952a710 code [0x000002000952a8c0, 0x000002000952aa48]
Event: 408.138 Thread 0x00000200053b0520 7909   !   3       org.eclipse.jdt.internal.compiler.classfmt.ClassFileReader::<init> (1968 bytes)
Event: 408.145 Thread 0x00000200053b0520 nmethod 7909 0x000002000952ab10 code [0x000002000952b540, 0x0000020009533468]
Event: 408.145 Thread 0x00000200053b0520 7910       1       org.eclipse.jdt.internal.compiler.util.ObjectVector::size (5 bytes)
Event: 408.145 Thread 0x00000200053b0520 nmethod 7910 0x00000200105c3790 code [0x00000200105c3920, 0x00000200105c39e8]

GC Heap History (20 events):
Event: 403.899 GC heap before
{Heap before GC invocations=65 (full 2):
 PSYoungGen      total 22528K, used 22079K [0x00000000d5580000, 0x00000000d6d80000, 0x0000000100000000)
  eden space 22016K, 99% used [0x00000000d5580000,0x00000000d6afffe8,0x00000000d6b00000)
  from space 512K, 12% used [0x00000000d6d00000,0x00000000d6d10000,0x00000000d6d80000)
  to   space 512K, 0% used [0x00000000d6c80000,0x00000000d6c80000,0x00000000d6d00000)
 ParOldGen       total 68608K, used 37833K [0x0000000080000000, 0x0000000084300000, 0x00000000d5580000)
  object space 68608K, 55% used [0x0000000080000000,0x00000000824f2700,0x0000000084300000)
 Metaspace       used 49985K, committed 51136K, reserved 1114112K
  class space    used 5539K, committed 6016K, reserved 1048576K
}
Event: 403.904 GC heap after
{Heap after GC invocations=65 (full 2):
 PSYoungGen      total 22528K, used 503K [0x00000000d5580000, 0x00000000d6e00000, 0x0000000100000000)
  eden space 22016K, 0% used [0x00000000d5580000,0x00000000d5580000,0x00000000d6b00000)
  from space 512K, 98% used [0x00000000d6c80000,0x00000000d6cfdc78,0x00000000d6d00000)
  to   space 1024K, 0% used [0x00000000d6d00000,0x00000000d6d00000,0x00000000d6e00000)
 ParOldGen       total 68608K, used 38489K [0x0000000080000000, 0x0000000084300000, 0x00000000d5580000)
  object space 68608K, 56% used [0x0000000080000000,0x0000000082596700,0x0000000084300000)
 Metaspace       used 49985K, committed 51136K, reserved 1114112K
  class space    used 5539K, committed 6016K, reserved 1048576K
}
Event: 405.103 GC heap before
{Heap before GC invocations=66 (full 2):
 PSYoungGen      total 22528K, used 22519K [0x00000000d5580000, 0x00000000d6e00000, 0x0000000100000000)
  eden space 22016K, 100% used [0x00000000d5580000,0x00000000d6b00000,0x00000000d6b00000)
  from space 512K, 98% used [0x00000000d6c80000,0x00000000d6cfdc78,0x00000000d6d00000)
  to   space 1024K, 0% used [0x00000000d6d00000,0x00000000d6d00000,0x00000000d6e00000)
 ParOldGen       total 68608K, used 38489K [0x0000000080000000, 0x0000000084300000, 0x00000000d5580000)
  object space 68608K, 56% used [0x0000000080000000,0x0000000082596700,0x0000000084300000)
 Metaspace       used 52944K, committed 54144K, reserved 1114112K
  class space    used 5863K, committed 6400K, reserved 1048576K
}
Event: 405.108 GC heap after
{Heap after GC invocations=66 (full 2):
 PSYoungGen      total 22016K, used 1000K [0x00000000d5580000, 0x00000000d7100000, 0x0000000100000000)
  eden space 20992K, 0% used [0x00000000d5580000,0x00000000d5580000,0x00000000d6a00000)
  from space 1024K, 97% used [0x00000000d6d00000,0x00000000d6dfa1b8,0x00000000d6e00000)
  to   space 3072K, 0% used [0x00000000d6a00000,0x00000000d6a00000,0x00000000d6d00000)
 ParOldGen       total 68608K, used 40091K [0x0000000080000000, 0x0000000084300000, 0x00000000d5580000)
  object space 68608K, 58% used [0x0000000080000000,0x0000000082726f18,0x0000000084300000)
 Metaspace       used 52944K, committed 54144K, reserved 1114112K
  class space    used 5863K, committed 6400K, reserved 1048576K
}
Event: 405.949 GC heap before
{Heap before GC invocations=67 (full 2):
 PSYoungGen      total 22016K, used 21992K [0x00000000d5580000, 0x00000000d7100000, 0x0000000100000000)
  eden space 20992K, 100% used [0x00000000d5580000,0x00000000d6a00000,0x00000000d6a00000)
  from space 1024K, 97% used [0x00000000d6d00000,0x00000000d6dfa1b8,0x00000000d6e00000)
  to   space 3072K, 0% used [0x00000000d6a00000,0x00000000d6a00000,0x00000000d6d00000)
 ParOldGen       total 68608K, used 40091K [0x0000000080000000, 0x0000000084300000, 0x00000000d5580000)
  object space 68608K, 58% used [0x0000000080000000,0x0000000082726f18,0x0000000084300000)
 Metaspace       used 55378K, committed 56512K, reserved 1114112K
  class space    used 6169K, committed 6656K, reserved 1048576K
}
Event: 405.959 GC heap after
{Heap after GC invocations=67 (full 2):
 PSYoungGen      total 24064K, used 3047K [0x00000000d5580000, 0x00000000d7800000, 0x0000000100000000)
  eden space 20992K, 0% used [0x00000000d5580000,0x00000000d5580000,0x00000000d6a00000)
  from space 3072K, 99% used [0x00000000d6a00000,0x00000000d6cf9fc0,0x00000000d6d00000)
  to   space 7168K, 0% used [0x00000000d7100000,0x00000000d7100000,0x00000000d7800000)
 ParOldGen       total 68608K, used 43118K [0x0000000080000000, 0x0000000084300000, 0x00000000d5580000)
  object space 68608K, 62% used [0x0000000080000000,0x0000000082a1ba08,0x0000000084300000)
 Metaspace       used 55378K, committed 56512K, reserved 1114112K
  class space    used 6169K, committed 6656K, reserved 1048576K
}
Event: 406.399 GC heap before
{Heap before GC invocations=68 (full 2):
 PSYoungGen      total 24064K, used 24039K [0x00000000d5580000, 0x00000000d7800000, 0x0000000100000000)
  eden space 20992K, 100% used [0x00000000d5580000,0x00000000d6a00000,0x00000000d6a00000)
  from space 3072K, 99% used [0x00000000d6a00000,0x00000000d6cf9fc0,0x00000000d6d00000)
  to   space 7168K, 0% used [0x00000000d7100000,0x00000000d7100000,0x00000000d7800000)
 ParOldGen       total 68608K, used 43118K [0x0000000080000000, 0x0000000084300000, 0x00000000d5580000)
  object space 68608K, 62% used [0x0000000080000000,0x0000000082a1ba08,0x0000000084300000)
 Metaspace       used 56004K, committed 57216K, reserved 1114112K
  class space    used 6232K, committed 6784K, reserved 1048576K
}
Event: 406.403 GC heap after
{Heap after GC invocations=68 (full 2):
 PSYoungGen      total 23040K, used 1600K [0x00000000d5580000, 0x00000000d7300000, 0x0000000100000000)
  eden space 20992K, 0% used [0x00000000d5580000,0x00000000d5580000,0x00000000d6a00000)
  from space 2048K, 78% used [0x00000000d7100000,0x00000000d7290030,0x00000000d7300000)
  to   space 3584K, 0% used [0x00000000d6c00000,0x00000000d6c00000,0x00000000d6f80000)
 ParOldGen       total 68608K, used 46157K [0x0000000080000000, 0x0000000084300000, 0x00000000d5580000)
  object space 68608K, 67% used [0x0000000080000000,0x0000000082d13760,0x0000000084300000)
 Metaspace       used 56004K, committed 57216K, reserved 1114112K
  class space    used 6232K, committed 6784K, reserved 1048576K
}
Event: 406.786 GC heap before
{Heap before GC invocations=69 (full 2):
 PSYoungGen      total 23040K, used 22592K [0x00000000d5580000, 0x00000000d7300000, 0x0000000100000000)
  eden space 20992K, 100% used [0x00000000d5580000,0x00000000d6a00000,0x00000000d6a00000)
  from space 2048K, 78% used [0x00000000d7100000,0x00000000d7290030,0x00000000d7300000)
  to   space 3584K, 0% used [0x00000000d6c00000,0x00000000d6c00000,0x00000000d6f80000)
 ParOldGen       total 68608K, used 46157K [0x0000000080000000, 0x0000000084300000, 0x00000000d5580000)
  object space 68608K, 67% used [0x0000000080000000,0x0000000082d13760,0x0000000084300000)
 Metaspace       used 56703K, committed 57984K, reserved 1114112K
  class space    used 6342K, committed 6912K, reserved 1048576K
}
Event: 406.793 GC heap after
{Heap after GC invocations=69 (full 2):
 PSYoungGen      total 23552K, used 2241K [0x00000000d5580000, 0x00000000d7180000, 0x0000000100000000)
  eden space 20992K, 0% used [0x00000000d5580000,0x00000000d5580000,0x00000000d6a00000)
  from space 2560K, 87% used [0x00000000d6c00000,0x00000000d6e30430,0x00000000d6e80000)
  to   space 2560K, 0% used [0x00000000d6f00000,0x00000000d6f00000,0x00000000d7180000)
 ParOldGen       total 68608K, used 47605K [0x0000000080000000, 0x0000000084300000, 0x00000000d5580000)
  object space 68608K, 69% used [0x0000000080000000,0x0000000082e7d790,0x0000000084300000)
 Metaspace       used 56703K, committed 57984K, reserved 1114112K
  class space    used 6342K, committed 6912K, reserved 1048576K
}
Event: 406.896 GC heap before
{Heap before GC invocations=70 (full 2):
 PSYoungGen      total 23552K, used 23233K [0x00000000d5580000, 0x00000000d7180000, 0x0000000100000000)
  eden space 20992K, 100% used [0x00000000d5580000,0x00000000d6a00000,0x00000000d6a00000)
  from space 2560K, 87% used [0x00000000d6c00000,0x00000000d6e30430,0x00000000d6e80000)
  to   space 2560K, 0% used [0x00000000d6f00000,0x00000000d6f00000,0x00000000d7180000)
 ParOldGen       total 68608K, used 47605K [0x0000000080000000, 0x0000000084300000, 0x00000000d5580000)
  object space 68608K, 69% used [0x0000000080000000,0x0000000082e7d790,0x0000000084300000)
 Metaspace       used 56749K, committed 58048K, reserved 1114112K
  class space    used 6342K, committed 6912K, reserved 1048576K
}
Event: 406.907 GC heap after
{Heap after GC invocations=70 (full 2):
 PSYoungGen      total 23552K, used 2434K [0x00000000d5580000, 0x00000000d7180000, 0x0000000100000000)
  eden space 20992K, 0% used [0x00000000d5580000,0x00000000d5580000,0x00000000d6a00000)
  from space 2560K, 95% used [0x00000000d6f00000,0x00000000d7160810,0x00000000d7180000)
  to   space 2560K, 0% used [0x00000000d6c00000,0x00000000d6c00000,0x00000000d6e80000)
 ParOldGen       total 68608K, used 49656K [0x0000000080000000, 0x0000000084300000, 0x00000000d5580000)
  object space 68608K, 72% used [0x0000000080000000,0x000000008307e338,0x0000000084300000)
 Metaspace       used 56749K, committed 58048K, reserved 1114112K
  class space    used 6342K, committed 6912K, reserved 1048576K
}
Event: 407.338 GC heap before
{Heap before GC invocations=71 (full 2):
 PSYoungGen      total 23552K, used 23426K [0x00000000d5580000, 0x00000000d7180000, 0x0000000100000000)
  eden space 20992K, 100% used [0x00000000d5580000,0x00000000d6a00000,0x00000000d6a00000)
  from space 2560K, 95% used [0x00000000d6f00000,0x00000000d7160810,0x00000000d7180000)
  to   space 2560K, 0% used [0x00000000d6c00000,0x00000000d6c00000,0x00000000d6e80000)
 ParOldGen       total 68608K, used 49656K [0x0000000080000000, 0x0000000084300000, 0x00000000d5580000)
  object space 68608K, 72% used [0x0000000080000000,0x000000008307e338,0x0000000084300000)
 Metaspace       used 56763K, committed 58048K, reserved 1114112K
  class space    used 6342K, committed 6912K, reserved 1048576K
}
Event: 407.345 GC heap after
{Heap after GC invocations=71 (full 2):
 PSYoungGen      total 23552K, used 2164K [0x00000000d5580000, 0x00000000d6f80000, 0x0000000100000000)
  eden space 20992K, 0% used [0x00000000d5580000,0x00000000d5580000,0x00000000d6a00000)
  from space 2560K, 84% used [0x00000000d6c00000,0x00000000d6e1d010,0x00000000d6e80000)
  to   space 1024K, 0% used [0x00000000d6e80000,0x00000000d6e80000,0x00000000d6f80000)
 ParOldGen       total 68608K, used 51951K [0x0000000080000000, 0x0000000084300000, 0x00000000d5580000)
  object space 68608K, 75% used [0x0000000080000000,0x00000000832bbd20,0x0000000084300000)
 Metaspace       used 56763K, committed 58048K, reserved 1114112K
  class space    used 6342K, committed 6912K, reserved 1048576K
}
Event: 407.627 GC heap before
{Heap before GC invocations=72 (full 2):
 PSYoungGen      total 23552K, used 23156K [0x00000000d5580000, 0x00000000d6f80000, 0x0000000100000000)
  eden space 20992K, 100% used [0x00000000d5580000,0x00000000d6a00000,0x00000000d6a00000)
  from space 2560K, 84% used [0x00000000d6c00000,0x00000000d6e1d010,0x00000000d6e80000)
  to   space 1024K, 0% used [0x00000000d6e80000,0x00000000d6e80000,0x00000000d6f80000)
 ParOldGen       total 68608K, used 51951K [0x0000000080000000, 0x0000000084300000, 0x00000000d5580000)
  object space 68608K, 75% used [0x0000000080000000,0x00000000832bbd20,0x0000000084300000)
 Metaspace       used 56765K, committed 58048K, reserved 1114112K
  class space    used 6342K, committed 6912K, reserved 1048576K
}
Event: 407.632 GC heap after
{Heap after GC invocations=72 (full 2):
 PSYoungGen      total 21504K, used 1024K [0x00000000d5580000, 0x00000000d7400000, 0x0000000100000000)
  eden space 20480K, 0% used [0x00000000d5580000,0x00000000d5580000,0x00000000d6980000)
  from space 1024K, 100% used [0x00000000d6e80000,0x00000000d6f80000,0x00000000d6f80000)
  to   space 5120K, 0% used [0x00000000d6980000,0x00000000d6980000,0x00000000d6e80000)
 ParOldGen       total 68608K, used 55188K [0x0000000080000000, 0x0000000084300000, 0x00000000d5580000)
  object space 68608K, 80% used [0x0000000080000000,0x00000000835e53c0,0x0000000084300000)
 Metaspace       used 56765K, committed 58048K, reserved 1114112K
  class space    used 6342K, committed 6912K, reserved 1048576K
}
Event: 407.761 GC heap before
{Heap before GC invocations=73 (full 2):
 PSYoungGen      total 21504K, used 21504K [0x00000000d5580000, 0x00000000d7400000, 0x0000000100000000)
  eden space 20480K, 100% used [0x00000000d5580000,0x00000000d6980000,0x00000000d6980000)
  from space 1024K, 100% used [0x00000000d6e80000,0x00000000d6f80000,0x00000000d6f80000)
  to   space 5120K, 0% used [0x00000000d6980000,0x00000000d6980000,0x00000000d6e80000)
 ParOldGen       total 68608K, used 55188K [0x0000000080000000, 0x0000000084300000, 0x00000000d5580000)
  object space 68608K, 80% used [0x0000000080000000,0x00000000835e53c0,0x0000000084300000)
 Metaspace       used 56794K, committed 58048K, reserved 1114112K
  class space    used 6342K, committed 6912K, reserved 1048576K
}
Event: 407.766 GC heap after
{Heap after GC invocations=73 (full 2):
 PSYoungGen      total 22528K, used 1856K [0x00000000d5580000, 0x00000000d6f80000, 0x0000000100000000)
  eden space 20480K, 0% used [0x00000000d5580000,0x00000000d5580000,0x00000000d6980000)
  from space 2048K, 90% used [0x00000000d6980000,0x00000000d6b50000,0x00000000d6b80000)
  to   space 3072K, 0% used [0x00000000d6c80000,0x00000000d6c80000,0x00000000d6f80000)
 ParOldGen       total 68608K, used 56233K [0x0000000080000000, 0x0000000084300000, 0x00000000d5580000)
  object space 68608K, 81% used [0x0000000080000000,0x00000000836ea4b8,0x0000000084300000)
 Metaspace       used 56794K, committed 58048K, reserved 1114112K
  class space    used 6342K, committed 6912K, reserved 1048576K
}
Event: 408.046 GC heap before
{Heap before GC invocations=74 (full 2):
 PSYoungGen      total 22528K, used 22336K [0x00000000d5580000, 0x00000000d6f80000, 0x0000000100000000)
  eden space 20480K, 100% used [0x00000000d5580000,0x00000000d6980000,0x00000000d6980000)
  from space 2048K, 90% used [0x00000000d6980000,0x00000000d6b50000,0x00000000d6b80000)
  to   space 3072K, 0% used [0x00000000d6c80000,0x00000000d6c80000,0x00000000d6f80000)
 ParOldGen       total 68608K, used 56233K [0x0000000080000000, 0x0000000084300000, 0x00000000d5580000)
  object space 68608K, 81% used [0x0000000080000000,0x00000000836ea4b8,0x0000000084300000)
 Metaspace       used 56880K, committed 58112K, reserved 1114112K
  class space    used 6346K, committed 6912K, reserved 1048576K
}
Event: 408.051 GC heap after
{Heap after GC invocations=74 (full 2):
 PSYoungGen      total 22528K, used 2027K [0x00000000d5580000, 0x00000000d6e80000, 0x0000000100000000)
  eden space 20480K, 0% used [0x00000000d5580000,0x00000000d5580000,0x00000000d6980000)
  from space 2048K, 98% used [0x00000000d6c80000,0x00000000d6e7ad18,0x00000000d6e80000)
  to   space 2560K, 0% used [0x00000000d6980000,0x00000000d6980000,0x00000000d6c00000)
 ParOldGen       total 68608K, used 58009K [0x0000000080000000, 0x0000000084300000, 0x00000000d5580000)
  object space 68608K, 84% used [0x0000000080000000,0x00000000838a64b8,0x0000000084300000)
 Metaspace       used 56880K, committed 58112K, reserved 1114112K
  class space    used 6346K, committed 6912K, reserved 1048576K
}

Dll operation events (12 events):
Event: 0.042 Loaded shared library c:\Users\sree0\.vscode\extensions\redhat.java-1.55.0-win32-x64\jre\21.0.11-win32-x86_64\bin\java.dll
Event: 0.721 Loaded shared library c:\Users\sree0\.vscode\extensions\redhat.java-1.55.0-win32-x64\jre\21.0.11-win32-x86_64\bin\zip.dll
Event: 1.255 Loaded shared library C:\Users\sree0\.vscode\extensions\redhat.java-1.55.0-win32-x64\jre\21.0.11-win32-x86_64\bin\instrument.dll
Event: 1.341 Loaded shared library C:\Users\sree0\.vscode\extensions\redhat.java-1.55.0-win32-x64\jre\21.0.11-win32-x86_64\bin\net.dll
Event: 1.352 Loaded shared library C:\Users\sree0\.vscode\extensions\redhat.java-1.55.0-win32-x64\jre\21.0.11-win32-x86_64\bin\nio.dll
Event: 1.356 Loaded shared library C:\Users\sree0\.vscode\extensions\redhat.java-1.55.0-win32-x64\jre\21.0.11-win32-x86_64\bin\zip.dll
Event: 1.466 Loaded shared library C:\Users\sree0\.vscode\extensions\redhat.java-1.55.0-win32-x64\jre\21.0.11-win32-x86_64\bin\jimage.dll
Event: 1.722 Loaded shared library c:\Users\sree0\.vscode\extensions\redhat.java-1.55.0-win32-x64\jre\21.0.11-win32-x86_64\bin\verify.dll
Event: 5.479 Loaded shared library C:\Users\sree0\AppData\Roaming\Code\User\globalStorage\redhat.java\1.55.0\config_win\org.eclipse.equinox.launcher\org.eclipse.equinox.launcher.win32.win32.x86_64_1.3.100.v20260613-0559\eclipse_11924.dll
Event: 10.903 Loaded shared library C:\Users\sree0\AppData\Local\Temp\jna-109701329\jna4439957282166340200.dll
Event: 404.240 Loaded shared library C:\Users\sree0\.vscode\extensions\redhat.java-1.55.0-win32-x64\jre\21.0.11-win32-x86_64\bin\sunmscapi.dll
Event: 405.376 Loaded shared library C:\Users\sree0\.vscode\extensions\redhat.java-1.55.0-win32-x64\jre\21.0.11-win32-x86_64\bin\extnet.dll

Deoptimization events (20 events):
Event: 407.331 Thread 0x0000020065382800 DEOPT PACKING pc=0x000002001049ea40 sp=0x00000061920fec00
Event: 407.331 Thread 0x0000020065382800 DEOPT UNPACKING pc=0x000002000fbb6da2 sp=0x00000061920feb50 mode 2
Event: 407.948 Thread 0x00000200629854c0 Uncommon trap: trap_request=0xffffffbe fr.pc=0x00000200105ae044 relative=0x0000000000002824
Event: 407.948 Thread 0x00000200629854c0 Uncommon trap: reason=profile_predicate action=maybe_recompile pc=0x00000200105ae044 method=org.eclipse.jdt.internal.core.util.DeduplicationUtil.intern(Ljava/util/List;)Ljava/util/List; @ 127 c2
Event: 407.948 Thread 0x00000200629854c0 DEOPT PACKING pc=0x00000200105ae044 sp=0x0000006191dfd890
Event: 407.948 Thread 0x00000200629854c0 DEOPT UNPACKING pc=0x000002000fbb6da2 sp=0x0000006191dfd860 mode 2
Event: 407.948 Thread 0x00000200629854c0 Uncommon trap: trap_request=0xffffffbe fr.pc=0x00000200105ae044 relative=0x0000000000002824
Event: 407.948 Thread 0x00000200629854c0 Uncommon trap: reason=profile_predicate action=maybe_recompile pc=0x00000200105ae044 method=org.eclipse.jdt.internal.core.util.DeduplicationUtil.intern(Ljava/util/List;)Ljava/util/List; @ 127 c2
Event: 407.948 Thread 0x00000200629854c0 DEOPT PACKING pc=0x00000200105ae044 sp=0x0000006191dfd890
Event: 407.948 Thread 0x00000200629854c0 DEOPT UNPACKING pc=0x000002000fbb6da2 sp=0x0000006191dfd860 mode 2
Event: 407.948 Thread 0x00000200629854c0 Uncommon trap: trap_request=0xffffffbe fr.pc=0x00000200105ae044 relative=0x0000000000002824
Event: 407.948 Thread 0x00000200629854c0 Uncommon trap: reason=profile_predicate action=maybe_recompile pc=0x00000200105ae044 method=org.eclipse.jdt.internal.core.util.DeduplicationUtil.intern(Ljava/util/List;)Ljava/util/List; @ 127 c2
Event: 407.948 Thread 0x00000200629854c0 DEOPT PACKING pc=0x00000200105ae044 sp=0x0000006191dfd890
Event: 407.948 Thread 0x00000200629854c0 DEOPT UNPACKING pc=0x000002000fbb6da2 sp=0x0000006191dfd860 mode 2
Event: 407.948 Thread 0x00000200629854c0 Uncommon trap: trap_request=0xffffffbe fr.pc=0x00000200105ae044 relative=0x0000000000002824
Event: 407.948 Thread 0x00000200629854c0 Uncommon trap: reason=profile_predicate action=maybe_recompile pc=0x00000200105ae044 method=org.eclipse.jdt.internal.core.util.DeduplicationUtil.intern(Ljava/util/List;)Ljava/util/List; @ 127 c2
Event: 407.948 Thread 0x00000200629854c0 DEOPT PACKING pc=0x00000200105ae044 sp=0x0000006191dfd890
Event: 407.948 Thread 0x00000200629854c0 DEOPT UNPACKING pc=0x000002000fbb6da2 sp=0x0000006191dfd860 mode 2
Event: 408.038 Thread 0x00000200629854c0 DEOPT PACKING pc=0x000002000932e8c6 sp=0x0000006191dfd330
Event: 408.038 Thread 0x00000200629854c0 DEOPT UNPACKING pc=0x000002000fbb78e2 sp=0x0000006191dfc8b0 mode 0

Classes loaded (20 events):
Event: 406.587 Loading class sun/net/www/http/Hurryable done
Event: 406.587 Loading class sun/net/www/MeteredStream
Event: 406.587 Loading class sun/net/www/MeteredStream done
Event: 406.587 Loading class sun/net/www/http/KeepAliveStream done
Event: 406.587 Loading class sun/net/www/http/KeepAliveStreamCleaner
Event: 406.587 Loading class sun/net/www/http/KeepAliveStreamCleaner done
Event: 406.589 Loading class sun/net/www/http/KeepAliveStreamCleaner$1
Event: 406.589 Loading class sun/net/www/http/KeepAliveStreamCleaner$1 done
Event: 406.589 Loading class sun/net/www/http/KeepAliveStreamCleaner$2
Event: 406.589 Loading class sun/net/www/http/KeepAliveStreamCleaner$2 done
Event: 406.590 Loading class sun/security/ssl/Alert
Event: 406.591 Loading class sun/security/ssl/Alert done
Event: 406.591 Loading class sun/security/ssl/Alert$AlertConsumer
Event: 406.591 Loading class sun/security/ssl/Alert$AlertConsumer done
Event: 406.591 Loading class sun/security/ssl/Alert$Level
Event: 406.592 Loading class sun/security/ssl/Alert$Level done
Event: 406.651 Loading class java/nio/channels/Channels$ReadableByteChannelImpl
Event: 406.652 Loading class java/nio/channels/Channels$ReadableByteChannelImpl done
Event: 406.654 Loading class java/nio/channels/NonWritableChannelException
Event: 406.654 Loading class java/nio/channels/NonWritableChannelException done

Classes unloaded (7 events):
Event: 16.200 Thread 0x000002000531fa90 Unloading class 0x000002001d1a5000 'java/lang/invoke/LambdaForm$MH+0x000002001d1a5000'
Event: 16.200 Thread 0x000002000531fa90 Unloading class 0x000002001d1a4c00 'java/lang/invoke/LambdaForm$MH+0x000002001d1a4c00'
Event: 16.200 Thread 0x000002000531fa90 Unloading class 0x000002001d1a4800 'java/lang/invoke/LambdaForm$MH+0x000002001d1a4800'
Event: 16.200 Thread 0x000002000531fa90 Unloading class 0x000002001d1a4400 'java/lang/invoke/LambdaForm$MH+0x000002001d1a4400'
Event: 16.200 Thread 0x000002000531fa90 Unloading class 0x000002001d1a4000 'java/lang/invoke/LambdaForm$BMH+0x000002001d1a4000'
Event: 16.200 Thread 0x000002000531fa90 Unloading class 0x000002001d1a3c00 'java/lang/invoke/LambdaForm$DMH+0x000002001d1a3c00'
Event: 16.200 Thread 0x000002000531fa90 Unloading class 0x000002001d1a2800 'java/lang/invoke/LambdaForm$DMH+0x000002001d1a2800'

Classes redefined (0 events):
No events

Internal exceptions (20 events):
Event: 404.466 Thread 0x000002006537bf00 Exception <a 'sun/nio/fs/WindowsException'{0x00000000d5a3d9d8}> (0x00000000d5a3d9d8) 
thrown [s\src\hotspot\share\prims\jni.cpp, line 520]
Event: 404.539 Thread 0x000002006537bf00 Exception <a 'sun/nio/fs/WindowsException'{0x00000000d5a48048}> (0x00000000d5a48048) 
thrown [s\src\hotspot\share\prims\jni.cpp, line 520]
Event: 404.540 Thread 0x000002006537bf00 Exception <a 'sun/nio/fs/WindowsException'{0x00000000d5a56830}> (0x00000000d5a56830) 
thrown [s\src\hotspot\share\prims\jni.cpp, line 520]
Event: 404.604 Thread 0x0000020065382800 Exception <a 'sun/nio/fs/WindowsException'{0x00000000d5ab4578}> (0x00000000d5ab4578) 
thrown [s\src\hotspot\share\prims\jni.cpp, line 520]
Event: 404.606 Thread 0x000002006537bf00 Exception <a 'sun/nio/fs/WindowsException'{0x00000000d5abf628}> (0x00000000d5abf628) 
thrown [s\src\hotspot\share\prims\jni.cpp, line 520]
Event: 404.606 Thread 0x000002006537bf00 Exception <a 'sun/nio/fs/WindowsException'{0x00000000d5abfe98}> (0x00000000d5abfe98) 
thrown [s\src\hotspot\share\prims\jni.cpp, line 520]
Event: 404.606 Thread 0x000002006537bf00 Exception <a 'sun/nio/fs/WindowsException'{0x00000000d5ac0c68}> (0x00000000d5ac0c68) 
thrown [s\src\hotspot\share\prims\jni.cpp, line 520]
Event: 404.607 Thread 0x000002006537bf00 Exception <a 'sun/nio/fs/WindowsException'{0x00000000d5ac1508}> (0x00000000d5ac1508) 
thrown [s\src\hotspot\share\prims\jni.cpp, line 520]
Event: 404.916 Thread 0x0000020065382800 Implicit null exception at 0x00000200104ce106 to 0x00000200104cebc4
Event: 404.916 Thread 0x0000020065382800 Implicit null exception at 0x00000200104930ab to 0x0000020010493dcc
Event: 405.151 Thread 0x000002006537bf00 Exception <a 'java/lang/IncompatibleClassChangeError'{0x00000000d56dd378}: Found class java.lang.Object, but interface was expected> (0x00000000d56dd378) 
thrown [s\src\hotspot\share\interpreter\linkResolver.cpp, line 840]
Event: 405.273 Thread 0x00000200629854c0 Exception <a 'java/io/FileNotFoundException'{0x00000000d57af650}> (0x00000000d57af650) 
thrown [s\src\hotspot\share\prims\jni.cpp, line 520]
Event: 405.274 Thread 0x00000200629854c0 Exception <a 'java/io/FileNotFoundException'{0x00000000d57b0650}> (0x00000000d57b0650) 
thrown [s\src\hotspot\share\prims\jni.cpp, line 520]
Event: 405.275 Thread 0x00000200629854c0 Exception <a 'java/io/FileNotFoundException'{0x00000000d57b13a8}> (0x00000000d57b13a8) 
thrown [s\src\hotspot\share\prims\jni.cpp, line 520]
Event: 405.307 Thread 0x00000200629854c0 Exception <a 'sun/nio/fs/WindowsException'{0x00000000d594ab08}> (0x00000000d594ab08) 
thrown [s\src\hotspot\share\prims\jni.cpp, line 520]
Event: 405.307 Thread 0x00000200629854c0 Exception <a 'sun/nio/fs/WindowsException'{0x00000000d594b1c8}> (0x00000000d594b1c8) 
thrown [s\src\hotspot\share\prims\jni.cpp, line 520]
Event: 405.308 Thread 0x00000200629854c0 Exception <a 'sun/nio/fs/WindowsException'{0x00000000d594c018}> (0x00000000d594c018) 
thrown [s\src\hotspot\share\prims\jni.cpp, line 520]
Event: 405.308 Thread 0x00000200629854c0 Exception <a 'sun/nio/fs/WindowsException'{0x00000000d594c6d8}> (0x00000000d594c6d8) 
thrown [s\src\hotspot\share\prims\jni.cpp, line 520]
Event: 405.569 Thread 0x00000200629854c0 Exception <a 'java/lang/NoSuchMethodError'{0x00000000d65cc568}: 'java.lang.Object java.lang.invoke.DelegatingMethodHandle$Holder.reinvoke_L(java.lang.Object, int, long, java.lang.Object, java.lang.Object, int, java.lang.Object)'> (0x00000000d65cc568) 
thrown [s\src\hotspot\share\interpreter\linkResolver.cpp, line 773]
Event: 406.163 Thread 0x00000200629854c0 Exception <a 'java/lang/NoSuchMethodError'{0x00000000d5b19f68}: 'java.lang.Object java.lang.invoke.Invokers$Holder.invoke_MT(java.lang.Object, java.lang.Object, java.lang.Object, java.lang.Object, java.lang.Object, java.lang.Object, java.lang.Object, java.lang.Object, java.lang.Object, java.lang.Object)'> (0x00000000d5b19f68) 
thrown [s\src\hotspot\share\interpreter\linkResolver.cpp, line 773]

ZGC Phase Switch (0 events):
No events

VM Operations (20 events):
Event: 406.233 Executing non-safepoint VM operation: HandshakeAllThreads (Deoptimize)
Event: 406.233 Executing non-safepoint VM operation: HandshakeAllThreads (Deoptimize) done
Event: 406.373 Executing safepoint VM operation: ParallelGCFailedAllocation (Allocation Failure)
Event: 406.403 Executing safepoint VM operation: ParallelGCFailedAllocation (Allocation Failure) done
Event: 406.588 Executing non-safepoint VM operation: HandshakeAllThreads (Deoptimize)
Event: 406.588 Executing non-safepoint VM operation: HandshakeAllThreads (Deoptimize) done
Event: 406.653 Executing non-safepoint VM operation: HandshakeAllThreads (Deoptimize)
Event: 406.653 Executing non-safepoint VM operation: HandshakeAllThreads (Deoptimize) done
Event: 406.786 Executing safepoint VM operation: ParallelGCFailedAllocation (Allocation Failure)
Event: 406.793 Executing safepoint VM operation: ParallelGCFailedAllocation (Allocation Failure) done
Event: 406.896 Executing safepoint VM operation: ParallelGCFailedAllocation (Allocation Failure)
Event: 406.907 Executing safepoint VM operation: ParallelGCFailedAllocation (Allocation Failure) done
Event: 407.332 Executing safepoint VM operation: ParallelGCFailedAllocation (Allocation Failure)
Event: 407.345 Executing safepoint VM operation: ParallelGCFailedAllocation (Allocation Failure) done
Event: 407.627 Executing safepoint VM operation: ParallelGCFailedAllocation (Allocation Failure)
Event: 407.632 Executing safepoint VM operation: ParallelGCFailedAllocation (Allocation Failure) done
Event: 407.761 Executing safepoint VM operation: ParallelGCFailedAllocation (Allocation Failure)
Event: 407.766 Executing safepoint VM operation: ParallelGCFailedAllocation (Allocation Failure) done
Event: 408.046 Executing safepoint VM operation: ParallelGCFailedAllocation (Allocation Failure)
Event: 408.051 Executing safepoint VM operation: ParallelGCFailedAllocation (Allocation Failure) done

Memory protections (0 events):
No events

Nmethod flushes (20 events):
Event: 21.394 Thread 0x000002000531fa90 flushing  nmethod 0x0000020008c7d010
Event: 21.394 Thread 0x000002000531fa90 flushing  nmethod 0x0000020008c7d910
Event: 21.394 Thread 0x000002000531fa90 flushing  nmethod 0x0000020008c7eb10
Event: 21.394 Thread 0x000002000531fa90 flushing  nmethod 0x0000020008c7f310
Event: 21.394 Thread 0x000002000531fa90 flushing  nmethod 0x0000020008c81010
Event: 21.394 Thread 0x000002000531fa90 flushing  nmethod 0x0000020008c81410
Event: 21.394 Thread 0x000002000531fa90 flushing  nmethod 0x0000020008c81f90
Event: 21.394 Thread 0x000002000531fa90 flushing  nmethod 0x0000020008c82890
Event: 21.394 Thread 0x000002000531fa90 flushing  nmethod 0x0000020008c83d90
Event: 21.394 Thread 0x000002000531fa90 flushing  nmethod 0x0000020008c84790
Event: 21.394 Thread 0x000002000531fa90 flushing  nmethod 0x0000020008c85110
Event: 21.394 Thread 0x000002000531fa90 flushing  nmethod 0x0000020008c85910
Event: 21.394 Thread 0x000002000531fa90 flushing  nmethod 0x0000020008c86210
Event: 21.394 Thread 0x000002000531fa90 flushing  nmethod 0x0000020008c8f210
Event: 21.394 Thread 0x000002000531fa90 flushing  nmethod 0x0000020008ce5c10
Event: 21.394 Thread 0x000002000531fa90 flushing  nmethod 0x0000020008ceb610
Event: 21.394 Thread 0x000002000531fa90 flushing  nmethod 0x0000020008cf2690
Event: 21.394 Thread 0x000002000531fa90 flushing  nmethod 0x0000020008d2c610
Event: 21.394 Thread 0x000002000531fa90 flushing  nmethod 0x0000020008d54490
Event: 21.394 Thread 0x000002000531fa90 flushing  nmethod 0x0000020008d65410

Events (20 events):
Event: 83.747 Thread 0x000002006537b1e0 Thread exited: 0x000002006537b1e0
Event: 86.888 Thread 0x0000020062986870 Thread exited: 0x0000020062986870
Event: 214.603 Thread 0x0000020065380dc0 Thread exited: 0x0000020065380dc0
Event: 215.007 Thread 0x00000200629854c0 Thread added: 0x0000020065380730
Event: 215.030 Thread 0x00000200629854c0 Thread added: 0x0000020065382800
Event: 367.178 Thread 0x0000020065382800 Thread exited: 0x0000020065382800
Event: 367.204 Thread 0x00000200629854c0 Thread added: 0x0000020065382170
Event: 367.207 Thread 0x00000200629854c0 Thread added: 0x0000020065380dc0
Event: 403.423 Thread 0x0000020065380dc0 Thread exited: 0x0000020065380dc0
Event: 403.458 Thread 0x0000020062984110 Thread added: 0x0000020065382800
Event: 403.762 Thread 0x00000200653800a0 Thread exited: 0x00000200653800a0
Event: 403.929 Thread 0x0000020065382800 Thread added: 0x00000200653800a0
Event: 405.172 Thread 0x000002006537bf00 Thread added: 0x0000020065380dc0
Event: 405.256 Thread 0x0000020062986f00 Thread added: 0x0000020065381450
Event: 405.259 Thread 0x0000020065381450 Thread added: 0x0000020065381ae0
Event: 405.262 Thread 0x0000020065381ae0 Thread added: 0x00000200629847a0
Event: 406.475 Thread 0x0000020065382800 Thread added: 0x0000020062986870
Event: 406.518 Thread 0x0000020062986870 Thread exited: 0x0000020062986870
Event: 407.331 Thread 0x0000020065382800 Thread added: 0x0000020062986870
Event: 407.345 Thread 0x0000020062986870 Thread exited: 0x0000020062986870


Dynamic libraries:
0x00007ff6ed860000 - 0x00007ff6ed86e000 	c:\Users\sree0\.vscode\extensions\redhat.java-1.55.0-win32-x64\jre\21.0.11-win32-x86_64\bin\java.exe
0x00007ffff72e0000 - 0x00007ffff7546000 	C:\WINDOWS\SYSTEM32\ntdll.dll
0x00007ffff5f10000 - 0x00007ffff5fd9000 	C:\WINDOWS\System32\KERNEL32.DLL
0x00007ffff48c0000 - 0x00007ffff4cbe000 	C:\WINDOWS\System32\KERNELBASE.dll
0x00007ffff4500000 - 0x00007ffff464c000 	C:\WINDOWS\System32\ucrtbase.dll
0x00007fffbf4a0000 - 0x00007fffbf4b8000 	c:\Users\sree0\.vscode\extensions\redhat.java-1.55.0-win32-x64\jre\21.0.11-win32-x86_64\bin\jli.dll
0x00007ffff6cd0000 - 0x00007ffff6e97000 	C:\WINDOWS\System32\USER32.dll
0x00007ffff4890000 - 0x00007ffff48b7000 	C:\WINDOWS\System32\win32u.dll
0x00007fffbf480000 - 0x00007fffbf49e000 	c:\Users\sree0\.vscode\extensions\redhat.java-1.55.0-win32-x64\jre\21.0.11-win32-x86_64\bin\VCRUNTIME140.dll
0x00007ffff63e0000 - 0x00007ffff640b000 	C:\WINDOWS\System32\GDI32.dll
0x00007fffe0190000 - 0x00007fffe0422000 	C:\WINDOWS\WinSxS\amd64_microsoft.windows.common-controls_6595b64144ccf1df_6.0.26100.8894_none_3e0f749ee32e02ea\COMCTL32.dll
0x00007ffff4d60000 - 0x00007ffff4e8a000 	C:\WINDOWS\System32\gdi32full.dll
0x00007ffff4660000 - 0x00007ffff4703000 	C:\WINDOWS\System32\msvcp_win.dll
0x00007ffff5ae0000 - 0x00007ffff5b89000 	C:\WINDOWS\System32\msvcrt.dll
0x00007ffff5120000 - 0x00007ffff5152000 	C:\WINDOWS\System32\IMM32.DLL
0x00007fffeeb80000 - 0x00007fffeeb8c000 	c:\Users\sree0\.vscode\extensions\redhat.java-1.55.0-win32-x64\jre\21.0.11-win32-x86_64\bin\vcruntime140_1.dll
0x00007ffec6580000 - 0x00007ffec660d000 	c:\Users\sree0\.vscode\extensions\redhat.java-1.55.0-win32-x64\jre\21.0.11-win32-x86_64\bin\msvcp140.dll
0x00007ffec3a00000 - 0x00007ffec47a2000 	c:\Users\sree0\.vscode\extensions\redhat.java-1.55.0-win32-x64\jre\21.0.11-win32-x86_64\bin\server\jvm.dll
0x00007ffff5a20000 - 0x00007ffff5ad7000 	C:\WINDOWS\System32\ADVAPI32.dll
0x00007ffff6c10000 - 0x00007ffff6cba000 	C:\WINDOWS\System32\sechost.dll
0x00007ffff5b90000 - 0x00007ffff5ca8000 	C:\WINDOWS\System32\RPCRT4.dll
0x00007ffff5990000 - 0x00007ffff5a10000 	C:\WINDOWS\System32\WS2_32.dll
0x00007ffff4360000 - 0x00007ffff43be000 	C:\WINDOWS\SYSTEM32\POWRPROF.dll
0x00007fffec300000 - 0x00007fffec336000 	C:\WINDOWS\SYSTEM32\WINMM.dll
0x00007fffe3c50000 - 0x00007fffe3c5b000 	C:\WINDOWS\SYSTEM32\VERSION.dll
0x00007ffff4340000 - 0x00007ffff4354000 	C:\WINDOWS\SYSTEM32\UMPDC.dll
0x00007ffff31e0000 - 0x00007ffff31fb000 	C:\WINDOWS\SYSTEM32\kernel.appcore.dll
0x00007fffde5b0000 - 0x00007fffde5ba000 	c:\Users\sree0\.vscode\extensions\redhat.java-1.55.0-win32-x64\jre\21.0.11-win32-x86_64\bin\jimage.dll
0x00007ffff16d0000 - 0x00007ffff1912000 	C:\WINDOWS\SYSTEM32\DBGHELP.DLL
0x00007ffff6050000 - 0x00007ffff63d3000 	C:\WINDOWS\System32\combase.dll
0x00007ffff6410000 - 0x00007ffff64e9000 	C:\WINDOWS\System32\OLEAUT32.dll
0x00007fffd12e0000 - 0x00007fffd131b000 	C:\WINDOWS\SYSTEM32\dbgcore.DLL
0x00007ffff4e90000 - 0x00007ffff4f3c000 	C:\WINDOWS\System32\bcryptPrimitives.dll
0x00007fffd8a80000 - 0x00007fffd8a8f000 	c:\Users\sree0\.vscode\extensions\redhat.java-1.55.0-win32-x64\jre\21.0.11-win32-x86_64\bin\instrument.dll
0x00007fffbf460000 - 0x00007fffbf480000 	c:\Users\sree0\.vscode\extensions\redhat.java-1.55.0-win32-x64\jre\21.0.11-win32-x86_64\bin\java.dll
0x00007ffff5160000 - 0x00007ffff58f2000 	C:\WINDOWS\System32\SHELL32.dll
0x00007ffff1f70000 - 0x00007ffff2802000 	C:\WINDOWS\SYSTEM32\windows.storage.dll
0x00007ffff6ed0000 - 0x00007ffff6fc7000 	C:\WINDOWS\System32\SHCORE.dll
0x00007ffff5fe0000 - 0x00007ffff6047000 	C:\WINDOWS\System32\shlwapi.dll
0x00007ffff4420000 - 0x00007ffff4449000 	C:\WINDOWS\SYSTEM32\profapi.dll
0x00007fffceef0000 - 0x00007fffcef08000 	c:\Users\sree0\.vscode\extensions\redhat.java-1.55.0-win32-x64\jre\21.0.11-win32-x86_64\bin\zip.dll
0x00007fffdda80000 - 0x00007fffdda90000 	C:\Users\sree0\.vscode\extensions\redhat.java-1.55.0-win32-x64\jre\21.0.11-win32-x86_64\bin\net.dll
0x00007fffe6cd0000 - 0x00007fffe6df7000 	C:\WINDOWS\SYSTEM32\WINHTTP.dll
0x00007ffff3790000 - 0x00007ffff37fc000 	C:\WINDOWS\system32\mswsock.dll
0x00007fffc7580000 - 0x00007fffc7596000 	C:\Users\sree0\.vscode\extensions\redhat.java-1.55.0-win32-x64\jre\21.0.11-win32-x86_64\bin\nio.dll
0x00007fffcf880000 - 0x00007fffcf890000 	c:\Users\sree0\.vscode\extensions\redhat.java-1.55.0-win32-x64\jre\21.0.11-win32-x86_64\bin\verify.dll
0x00007ffec5da0000 - 0x00007ffec5de5000 	C:\Users\sree0\AppData\Roaming\Code\User\globalStorage\redhat.java\1.55.0\config_win\org.eclipse.equinox.launcher\org.eclipse.equinox.launcher.win32.win32.x86_64_1.3.100.v20260613-0559\eclipse_11924.dll
0x00007ffff5d70000 - 0x00007ffff5f09000 	C:\WINDOWS\System32\ole32.dll
0x00007ffff3a90000 - 0x00007ffff3aab000 	C:\WINDOWS\SYSTEM32\CRYPTSP.dll
0x00007ffff3140000 - 0x00007ffff3179000 	C:\WINDOWS\system32\rsaenh.dll
0x00007ffff3850000 - 0x00007ffff3882000 	C:\WINDOWS\SYSTEM32\USERENV.dll
0x00007ffff43f0000 - 0x00007ffff441a000 	C:\WINDOWS\SYSTEM32\bcrypt.dll
0x00007ffff3ab0000 - 0x00007ffff3abc000 	C:\WINDOWS\SYSTEM32\CRYPTBASE.dll
0x00007ffff2c10000 - 0x00007ffff2c43000 	C:\WINDOWS\SYSTEM32\IPHLPAPI.DLL
0x00007ffff6c00000 - 0x00007ffff6c0a000 	C:\WINDOWS\System32\NSI.dll
0x00007ffec5300000 - 0x00007ffec5349000 	C:\Users\sree0\AppData\Local\Temp\jna-109701329\jna4439957282166340200.dll
0x00007ffff6cc0000 - 0x00007ffff6cc8000 	C:\WINDOWS\System32\PSAPI.DLL
0x00007fffe6e90000 - 0x00007fffe6ead000 	C:\WINDOWS\SYSTEM32\dhcpcsvc6.DLL
0x00007fffe6e00000 - 0x00007fffe6e25000 	C:\WINDOWS\SYSTEM32\dhcpcsvc.DLL
0x00007fffceee0000 - 0x00007fffceeee000 	C:\Users\sree0\.vscode\extensions\redhat.java-1.55.0-win32-x64\jre\21.0.11-win32-x86_64\bin\sunmscapi.dll
0x00007ffff4710000 - 0x00007ffff4888000 	C:\WINDOWS\System32\CRYPT32.dll
0x00007ffff3cd0000 - 0x00007ffff3d00000 	C:\WINDOWS\SYSTEM32\ncrypt.dll
0x00007ffff3c80000 - 0x00007ffff3cbf000 	C:\WINDOWS\SYSTEM32\NTASN1.dll
0x00007ffff2cf0000 - 0x00007ffff2e46000 	C:\WINDOWS\SYSTEM32\DNSAPI.dll
0x00007ffff3570000 - 0x00007ffff357d000 	C:\WINDOWS\SYSTEM32\DSPARSE.dll
0x00000000670c0000 - 0x00000000670e6000 	C:\Program Files\Bonjour\mdnsNSP.dll
0x00007fffe4620000 - 0x00007fffe462b000 	C:\Windows\System32\rasadhlp.dll
0x00007fffec270000 - 0x00007fffec2f6000 	C:\WINDOWS\System32\fwpuclnt.dll
0x00007fffca180000 - 0x00007fffca189000 	C:\Users\sree0\.vscode\extensions\redhat.java-1.55.0-win32-x64\jre\21.0.11-win32-x86_64\bin\extnet.dll

JVMTI agents:
c:\Users\sree0\.vscode\extensions\redhat.java-1.55.0-win32-x64\lombok\lombok-1.18.39-4050.jar path:c:\Users\sree0\.vscode\extensions\redhat.java-1.55.0-win32-x64\jre\21.0.11-win32-x86_64\bin\instrument.dll, loaded, initialized, instrumentlib options:none

dbghelp: loaded successfully - version: 4.0.5 - missing functions: none
symbol engine: initialized successfully - sym options: 0x614 - pdb path: .;c:\Users\sree0\.vscode\extensions\redhat.java-1.55.0-win32-x64\jre\21.0.11-win32-x86_64\bin;C:\WINDOWS\SYSTEM32;C:\WINDOWS\WinSxS\amd64_microsoft.windows.common-controls_6595b64144ccf1df_6.0.26100.8894_none_3e0f749ee32e02ea;c:\Users\sree0\.vscode\extensions\redhat.java-1.55.0-win32-x64\jre\21.0.11-win32-x86_64\bin\server;C:\Users\sree0\AppData\Roaming\Code\User\globalStorage\redhat.java\1.55.0\config_win\org.eclipse.equinox.launcher\org.eclipse.equinox.launcher.win32.win32.x86_64_1.3.100.v20260613-0559;C:\Users\sree0\AppData\Local\Temp\jna-109701329;C:\Program Files\Bonjour

VM Arguments:
jvm_args: --add-modules=ALL-SYSTEM --add-opens=java.base/java.util=ALL-UNNAMED --add-opens=java.base/java.lang=ALL-UNNAMED --add-opens=java.base/sun.nio.fs=ALL-UNNAMED -Declipse.application=org.eclipse.jdt.ls.core.id1 -Dosgi.bundles.defaultStartLevel=4 -Declipse.product=org.eclipse.jdt.ls.core.product -Djava.import.generatesMetadataFilesAtProjectRoot=false -DDetectVMInstallationsJob.disabled=true -Dfile.encoding=utf8 -XX:+UseParallelGC -XX:GCTimeRatio=4 -XX:AdaptiveSizePolicyWeight=90 -Dsun.zip.disableMemoryMapping=true -Xmx2G -Xms100m -Xlog:disable -javaagent:c:\Users\sree0\.vscode\extensions\redhat.java-1.55.0-win32-x64\lombok\lombok-1.18.39-4050.jar -XX:+HeapDumpOnOutOfMemoryError -XX:HeapDumpPath=c:\Users\sree0\AppData\Roaming\Code\User\workspaceStorage\94e0e2d5ea4d38a67018c6dd7178721e\redhat.java -Daether.dependencyCollector.impl=bf 
java_command: c:\Users\sree0\.vscode\extensions\redhat.java-1.55.0-win32-x64\server\plugins\org.eclipse.equinox.launcher_1.7.200.v20260619-2039.jar -configuration c:\Users\sree0\AppData\Roaming\Code\User\globalStorage\redhat.java\1.55.0\config_win -data c:\Users\sree0\AppData\Roaming\Code\User\workspaceStorage\94e0e2d5ea4d38a67018c6dd7178721e\redhat.java\jdt_ws --pipe=\\.\pipe\lsp-439ff41a15d24c722b00ec20d221d03e-sock
java_class_path (initial): c:\Users\sree0\.vscode\extensions\redhat.java-1.55.0-win32-x64\server\plugins\org.eclipse.equinox.launcher_1.7.200.v20260619-2039.jar
Launcher Type: SUN_STANDARD

[Global flags]
    uintx AdaptiveSizePolicyWeight                 = 90                                        {product} {command line}
     intx CICompilerCount                          = 3                                         {product} {ergonomic}
    uintx GCTimeRatio                              = 4                                         {product} {command line}
     bool HeapDumpOnOutOfMemoryError               = true                                   {manageable} {command line}
    ccstr HeapDumpPath                             = c:\Users\sree0\AppData\Roaming\Code\User\workspaceStorage\94e0e2d5ea4d38a67018c6dd7178721e\redhat.java         {manageable} {command line}
   size_t InitialHeapSize                          = 104857600                                 {product} {command line}
   size_t MaxHeapSize                              = 2147483648                                {product} {command line}
   size_t MaxNewSize                               = 715653120                                 {product} {ergonomic}
   size_t MinHeapDeltaBytes                        = 524288                                    {product} {ergonomic}
   size_t MinHeapSize                              = 104857600                                 {product} {command line}
   size_t NewSize                                  = 34603008                                  {product} {ergonomic}
    uintx NonNMethodCodeHeapSize                   = 5832780                                {pd product} {ergonomic}
    uintx NonProfiledCodeHeapSize                  = 122912730                              {pd product} {ergonomic}
   size_t OldSize                                  = 70254592                                  {product} {ergonomic}
    uintx ProfiledCodeHeapSize                     = 122912730                              {pd product} {ergonomic}
    uintx ReservedCodeCacheSize                    = 251658240                              {pd product} {ergonomic}
     bool SegmentedCodeCache                       = true                                      {product} {ergonomic}
   size_t SoftMaxHeapSize                          = 2147483648                             {manageable} {ergonomic}
     bool UseCompressedOops                        = true                           {product lp64_product} {ergonomic}
     bool UseLargePagesIndividualAllocation        = false                                  {pd product} {ergonomic}
     bool UseParallelGC                            = true                                      {product} {command line}

Logging:
Log output configuration:
 #0: stdout all=off uptime,level,tags foldmultilines=false
 #1: stderr all=off uptime,level,tags foldmultilines=false

Release file:
JAVA_VERSION="21.0.11" 
MODULES="java.base java.compiler java.datatransfer java.xml java.prefs java.desktop java.instrument java.logging java.management java.security.sasl java.naming java.rmi java.management.rmi java.net.http java.scripting java.security.jgss java.transaction.xa java.sql java.sql.rowset java.xml.crypto java.se java.smartcardio jdk.accessibility jdk.internal.jvmstat jdk.attach jdk.charsets jdk.internal.opt jdk.zipfs jdk.compiler jdk.crypto.ec jdk.crypto.cryptoki jdk.crypto.mscapi jdk.dynalink jdk.internal.ed jdk.editpad jdk.hotspot.agent jdk.httpserver jdk.internal.le jdk.internal.vm.ci jdk.internal.vm.compiler jdk.internal.vm.compiler.management jdk.jartool jdk.javadoc jdk.jcmd jdk.management jdk.management.agent jdk.jconsole jdk.jdeps jdk.jdwp.agent jdk.jdi jdk.jfr jdk.jshell jdk.jsobject jdk.jstatd jdk.localedata jdk.management.jfr jdk.naming.dns jdk.naming.rmi jdk.net jdk.nio.mapmode jdk.random jdk.sctp jdk.security.auth jdk.security.jgss jdk.unsupported jdk.unsupported.desktop jdk.xml.dom" 

Environment Variables:
JAVA_HOME=C:\Program Files\Amazon Corretto\jdk11.0.23_9
PATH=C:\Program Files (x86)\VMware\VMware Workstation\bin\;C:\Program Files\Amazon Corretto\jdk11.0.23_9\bin;C:\Program Files\Common Files\Oracle\Java\javapath;C:\WINDOWS\system32;C:\WINDOWS;C:\WINDOWS\System32\Wbem;C:\WINDOWS\System32\WindowsPowerShell\v1.0\;C:\WINDOWS\System32\OpenSSH\;C:\Program Files\Git\cmd;C:\ProgramData\chocolatey\bin;C:\Program Files\MySQL\MySQL Server 8.0\bin;C:\Program Files\MongoDB\Server\8.0\bin;C:\Program Files\Amazon\AWSCLIV2\;C:\Program Files\Microsoft SQL Server\150\Tools\Binn\;C:\Program Files\dotnet\;C:\Program Files (x86)\Windows Kits\10\Windows Performance Toolkit\;C:\Users\sree0\AppData\Local\Programs\Python\Python38\Scripts\;C:\Users\sree0\AppData\Local\Programs\Python\Python38\;C:\Users\sree0\AppData\Local\Programs\Python\Python314\Scripts\;C:\Users\sree0\AppData\Local\Programs\Python\Python314\;C:\Program Files\MySQL\MySQL Shell 8.0\bin\;C:\Users\sree0\AppData\Local\Programs\Python\Python311\Scripts\;C:\Users\sree0\AppData\Local\Programs\Python\Python311\;C:\Users\sree0\AppData\Local\Microsoft\WindowsApps;C:\Users\sree0\AppData\Local\Programs\Microsoft VS Code\bin;C:\Program Files\JetBrains\PyCharm 2023.3.2\bin;C:\Program Files\JetBrains\CLion 2023.3.3\bin;C:\Users\sree0\Downloads\mongosh-2.3.3-win32-x64\mongosh-2.3.3-win32-x64\bin;C:\Users\sree0\Downloads\mongodb-database-tools-windows-x86_64-100.11.0\mongodb-database-tools-windows-x86_64-100.11.0\bin;C:\Users\sree0\.dotnet\tools;C:\Users\sree0\AppData\Local\Programs\Kiro\bin;C:\Users\sree0\Downloads\Dart\dart-sdk\bin;C:\Users\sree0\Downloads\flutter_windows_3.44.7-stable\flutter\bin
USERNAME=sree0
OS=Windows_NT
PROCESSOR_IDENTIFIER=Intel64 Family 6 Model 140 Stepping 2, GenuineIntel
TMP=C:\Users\sree0\AppData\Local\Temp
TEMP=C:\Users\sree0\AppData\Local\Temp




Periodic native trim disabled

---------------  S Y S T E M  ---------------

OS:
 Windows 11 , 64 bit Build 26100 (10.0.26100.8875)
OS uptime: 0 days 2:55 hours
Hyper-V role detected

CPU: total 4 (initial active 4) (2 cores per cpu, 2 threads per core) family 6 model 140 stepping 2 microcode 0x26, cx8, cmov, fxsr, ht, mmx, 3dnowpref, sse, sse2, sse3, ssse3, sse4.1, sse4.2, popcnt, lzcnt, tsc, tscinvbit, avx, avx2, aes, erms, clmul, bmi1, bmi2, adx, avx512f, avx512dq, avx512cd, avx512bw, avx512vl, sha, fma, vzeroupper, avx512_vpopcntdq, avx512_vpclmulqdq, avx512_vaes, avx512_vnni, clflush, clflushopt, clwb, avx512_vbmi2, avx512_vbmi, hv, rdtscp, rdpid, fsrm, gfni, avx512_bitalg, f16c, cet_ibt, cet_ss, avx512_ifma
Processor Information for processor 0
  Max Mhz: 2995, Current Mhz: 1198, Mhz Limit: 2995
Processor Information for processor 1
  Max Mhz: 2995, Current Mhz: 2995, Mhz Limit: 2995
Processor Information for processor 2
  Max Mhz: 2995, Current Mhz: 2995, Mhz Limit: 2995
Processor Information for processor 3
  Max Mhz: 2995, Current Mhz: 2995, Mhz Limit: 2995

Memory: 4k page, system-wide physical 7975M (107M free)
TotalPageFile size 17671M (AvailPageFile size 4M)
current process WorkingSet (physical memory assigned to process): 196M, peak: 222M
current process commit charge ("private bytes"): 330M, peak: 339M

vm_info: OpenJDK 64-Bit Server VM (21.0.11+10-LTS) for windows-amd64 JRE (21.0.11+10-LTS), built on 2026-04-21T00:00:00Z by "admin" with MS VC++ 17.12 (VS2022)

END.
